inc_id,off_id,off_gender2,off_race2,off_age,off_yos,off_cohort,inc_off_count,off_uof_count,inc_coh_homophily_ratio,off_race,off_gender
UF18-0851,2706,Male,Hispanic,44,11,110th,3,1,0,4,0
UF18-0851,2842,Male,Hispanic,32,7,113th,3,2,0,4,0
UF18-0851,2920,Male,Hispanic,32,6,115th,3,1,0,4,0
UF19-0001,3074,Male,Hispanic,24,2,119th,5,8,1,4,0
UF19-0001,3047,Male,Hispanic,27,2,119th,5,4,1,4,0
UF19-0001,3102,Male,Hispanic,27,2,120th,5,14,1,4,0
UF19-0001,3103,Male,Hispanic,34,2,120th,5,4,1,4,0
UF19-0001,3112,Female,Hispanic,28,2,120th,5,3,1,4,1
UF19-0002,2480,Male,Hispanic,36,13,105th,7,3,0,4,0
UF19-0002,2650,Male,Hispanic,33,11,109th,7,6,0,4,0
UF19-0002,2702,Male,Hispanic,46,11,110th,7,1,0,4,0
UF19-0002,2797,Male,Hispanic,34,10,112th,7,1,0,4,0
UF19-0002,2873,Male,Hispanic,38,6,114th,7,2,0,4,0
UF19-0002,1404,Male,Hispanic,54,28,81st,7,1,0,4,0
UF19-0002,2164,Male,Hispanic,50,18,99th,7,2,0,4,0
UF19-0006,2845,Male,Hispanic,29,7,113th,2,3,0,4,0
UF19-0006,3094,Male,Hispanic,24,2,120th,2,16,0,4,0
UF19-0007,2743,Male,Hispanic,42,10,111th,2,1,0,4,0
UF19-0007,3036,Female,White,33,3,118th,2,2,0,5,1
UF19-0008,3068,Male,Hispanic,39,3,119th,3,9,.66666669,4,0
UF19-0008,3219,Male,White,38,1,122nd,3,8,.66666669,5,0
UF19-0008,3191,Male,Hispanic,28,1,122nd,3,6,.66666669,4,0
UF19-0009,3160,Female,Hispanic,24,1,100th,2,8,0,4,1
UF19-0009,2967,Male,Hispanic,29,4,117th,2,10,0,4,0
UF19-0010,2671,Male,Hispanic,41,11,109th,5,11,.40000001,4,0
UF19-0010,2655,Male,Black,60,11,109th,5,5,.40000001,3,0
UF19-0010,2967,Male,Hispanic,29,5,117th,5,10,.40000001,4,0
UF19-0010,3201,Male,White,26,1,122nd,5,3,.40000001,5,0
UF19-0010,2093,Male,White,44,18,97th,5,6,.40000001,5,0
UF19-0013,3109,Female,Hispanic,25,2,120th,2,1,0,4,1
UF19-0013,3145,Male,Hispanic,30,1,121st,2,10,0,4,0
UF19-0014,2888,Male,Hispanic,35,6,115th,3,1,0,4,0
UF19-0014,3110,Male,Hispanic,27,2,120th,3,5,0,4,0
UF19-0014,3139,Male,Hispanic,23,1,121st,3,4,0,4,0
UF19-0015,3102,Male,Hispanic,27,2,120th,2,14,1,4,0
UF19-0015,3103,Male,Hispanic,34,2,120th,2,4,1,4,0
UF19-0020,3230,Male,Hispanic,23,1,122nd,3,12,1,4,0
UF19-0020,3197,Male,Hispanic,29,1,122nd,3,1,1,4,0
UF19-0020,3208,Male,White,32,1,122nd,3,4,1,5,0
UF19-0021,2560,Male,Hispanic,36,12,108th,2,3,0,4,0
UF19-0021,3030,Male,Hispanic,25,3,118th,2,16,0,4,0
UF19-0023,3048,Female,Hispanic,33,2,119th,2,12,1,4,1
UF19-0023,3076,Male,Hispanic,30,2,119th,2,8,1,4,0
UF19-0024,3056,Male,Hispanic,27,2,119th,2,3,0,4,0
UF19-0024,3148,Female,Hispanic,34,1,121st,2,3,0,4,1
UF19-0027,2285,Male,Hispanic,45,16,102nd,6,11,.33333334,4,0
UF19-0027,2659,Male,Hispanic,41,11,109th,6,1,.33333334,4,0
UF19-0027,3011,Female,Hispanic,31,3,118th,6,2,.33333334,4,1
UF19-0027,3040,Male,Hispanic,30,2,119th,6,2,.33333334,4,0
UF19-0027,3063,Male,Hispanic,31,2,119th,6,12,.33333334,4,0
UF19-0027,3133,Male,Hispanic,39,1,121st,6,5,.33333334,4,0
UF19-0028,3119,Male,White,24,2,120th,2,7,1,5,0
UF19-0028,3104,Male,White,24,2,120th,2,8,1,5,0
UF19-0030,2537,Male,White,38,12,107th,2,5,0,5,0
UF19-0030,2781,Male,Hispanic,37,10,12-Lateral,2,1,0,4,0
UF19-0032,2575,Male,Hispanic,37,12,108th,2,3,0,4,0
UF19-0032,2881,Male,Hispanic,30,6,114th,2,8,0,4,0
UF19-0033,3035,Male,White,28,4,118th,2,1,0,5,0
UF19-0033,3111,Male,Hispanic,39,2,120th,2,1,0,4,0
UF19-0034,2329,Male,Hispanic,40,16,102nd,8,1,.5,4,0
UF19-0034,2360,Male,White,38,16,102nd,8,2,.5,5,0
UF19-0034,2660,Male,White,33,11,109th,8,3,.5,5,0
UF19-0034,1400,Male,Hispanic,50,28,81st,8,1,.5,4,0
UF19-0034,1741,Male,White,48,23,90th,8,1,.5,5,0
UF19-0034,1797,Male,Hispanic,45,23,91st,8,1,.5,4,0
UF19-0034,2070,Male,Hispanic,43,18,98th,8,2,.5,4,0
UF19-0034,2142,Male,Hispanic,45,18,98th,8,2,.5,4,0
UF19-0036,2595,Male,Hispanic,37,12,108th,2,4,0,4,0
UF19-0036,3177,Male,Hispanic,28,1,122nd,2,4,0,4,0
UF19-0037,2932,Male,White,27,5,116th,3,7,.66666669,5,0
UF19-0037,3122,Male,Hispanic,30,1,121st,3,6,.66666669,4,0
UF19-0037,3124,Male,Hispanic,26,1,121st,3,13,.66666669,4,0
UF19-0038,2765,Male,Hispanic,35,10,111th,3,4,.66666669,4,0
UF19-0038,2775,Male,Hispanic,39,10,111th,3,5,.66666669,4,0
UF19-0038,2799,Male,Hispanic,45,10,112th,3,2,.66666669,4,0
UF19-0043,2484,Male,Hispanic,41,13,106th,3,2,0,4,0
UF19-0043,2842,Male,Hispanic,32,7,113th,3,2,0,4,0
UF19-0043,3124,Male,Hispanic,26,2,121st,3,13,0,4,0
UF19-0046,2716,Male,Hispanic,45,11,11th Lateral,2,3,0,4,0
UF19-0046,2120,Male,Hispanic,41,18,99th,2,1,0,4,0
UF19-0047,2910,Male,White,31,6,115th,2,9,0,5,0
UF19-0047,3048,Female,Hispanic,33,2,119th,2,12,0,4,1
UF19-0048,3160,Female,Hispanic,24,2,100th,8,8,.5,4,1
UF19-0048,2222,Male,White,43,17,100th,8,4,.5,5,0
UF19-0048,2274,Male,Hispanic,44,17,101st,8,2,.5,4,0
UF19-0048,3151,Male,Hispanic,31,2,121st,8,9,.5,4,0
UF19-0048,3156,Male,Hispanic,23,2,121st,8,8,.5,4,0
UF19-0048,3236,Female,Hispanic,30,1,122nd,8,5,.5,4,1
UF19-0048,2097,Male,Hispanic,49,18,98th,8,5,.5,4,0
UF19-0048,2675,Female,Hispanic,43,12,L-7,8,2,.5,4,1
UF19-0050,3032,Female,Hispanic,40,3,118th,3,6,0,4,1
UF19-0050,3093,Male,Hispanic,27,2,120th,3,5,0,4,0
UF19-0050,3210,Male,White,29,1,122nd,3,4,0,5,0
UF19-0052,2400,Male,Hispanic,44,14,104th,2,1,0,4,0
UF19-0052,3191,Male,Hispanic,28,1,122nd,2,6,0,4,0
UF19-0054,3080,Female,Hispanic,33,2,119th,4,3,.5,4,1
UF19-0054,3076,Male,Hispanic,30,2,119th,4,8,.5,4,0
UF19-0054,3107,Female,White,27,2,120th,4,3,.5,5,1
UF19-0054,1870,Male,Hispanic,43,21,94th,4,2,.5,4,0
UF19-0056,3118,Male,White,36,2,120th,2,7,0,5,0
UF19-0056,3232,Male,Hispanic,35,1,122nd,2,11,0,4,0
UF19-0059,2403,Male,Hispanic,44,14,104th,4,8,0,4,0
UF19-0059,2569,Male,Hispanic,41,12,108th,4,9,0,4,0
UF19-0059,3135,Female,White,25,2,121st,4,7,0,5,1
UF19-0059,1272,Male,Hispanic,54,29,78th,4,1,0,4,0
UF19-0060,3095,Male,Hispanic,39,2,120th,2,7,0,4,0
UF19-0060,3223,Male,Hispanic,36,1,122nd,2,14,0,4,0
UF19-0061,2974,Male,Hispanic,33,4,117th,2,9,0,4,0
UF19-0061,2167,Male,White,43,18,99th,2,2,0,5,0
UF19-0064,3074,Male,Hispanic,24,3,119th,3,8,.66666669,4,0
UF19-0064,3047,Male,Hispanic,27,3,119th,3,4,.66666669,4,0
UF19-0064,3094,Male,Hispanic,24,2,120th,3,16,.66666669,4,0
UF19-0065,3019,Female,White,29,4,118th,3,2,0,5,1
UF19-0065,3060,Male,Alaskan Native/Native American,25,3,119th,3,11,0,1,0
UF19-0065,3235,Female,Hispanic,26,1,122nd,3,5,0,4,1
UF19-0066,3079,Male,Hispanic,32,3,119th,2,2,0,4,0
UF19-0066,2019,Male,Hispanic,43,19,97th,2,1,0,4,0
UF19-0068,3160,Female,Hispanic,24,2,100th,3,8,0,4,1
UF19-0068,2967,Male,Hispanic,29,4,117th,3,10,0,4,0
UF19-0068,3041,Male,Hispanic,25,3,119th,3,9,0,4,0
UF19-0069,2220,Male,White,40,17,100th,4,3,0,5,0
UF19-0069,2772,Male,White,31,10,111th,4,4,0,5,0
UF19-0069,3063,Male,Hispanic,31,3,119th,4,12,0,4,0
UF19-0069,3151,Male,Hispanic,31,2,121st,4,9,0,4,0
UF19-0071,2773,Male,Hispanic,32,10,111th,2,6,0,4,0
UF19-0071,3021,Male,Hispanic,33,4,118th,2,6,0,4,0
UF19-0073,2670,Male,White,36,11,109th,2,19,0,5,0
UF19-0073,3030,Male,Hispanic,25,4,118th,2,16,0,4,0
UF19-0074,2638,Male,Hispanic,33,11,109th,2,5,0,4,0
UF19-0074,2971,Male,Hispanic,41,4,117th,2,6,0,4,0
UF19-0076,3018,Male,Hispanic,34,4,118th,2,6,0,4,0
UF19-0076,3196,Male,Hispanic,31,1,122nd,2,11,0,4,0
UF19-0077,3158,Female,Hispanic,23,2,121st,2,6,0,4,1
UF19-0077,3215,Male,Hispanic,27,1,122nd,2,10,0,4,0
UF19-0078,2173,Male,Hispanic,44,17,100th,3,4,0,4,0
UF19-0078,2237,Male,Hispanic,41,17,101st,3,1,0,4,0
UF19-0078,2662,Male,Black,38,11,109th,3,1,0,3,0
UF19-0079,2551,Male,Hispanic,37,12,108th,2,4,0,4,0
UF19-0079,3001,Male,Hispanic,33,4,118th,2,3,0,4,0
UF19-0081,3027,Male,White,26,4,118th,3,4,0,5,0
UF19-0081,3074,Male,Hispanic,24,3,119th,3,8,0,4,0
UF19-0081,3094,Male,Hispanic,24,2,120th,3,16,0,4,0
UF19-0083,2548,Male,White,37,12,108th,4,1,0,5,0
UF19-0083,2638,Male,Hispanic,33,11,109th,4,5,0,4,0
UF19-0083,2928,Male,White,28,5,116th,4,15,0,5,0
UF19-0083,2978,Male,Hispanic,29,5,117th,4,16,0,4,0
UF19-0087,2892,Male,Hispanic,35,6,115th,4,8,0,4,0
UF19-0087,2962,Male,White,35,5,116th,4,8,0,5,0
UF19-0087,3030,Male,Hispanic,25,4,118th,4,16,0,4,0
UF19-0087,3069,Male,Hispanic,31,3,119th,4,4,0,4,0
UF19-0089,2551,Male,Hispanic,37,12,108th,2,4,0,4,0
UF19-0089,2772,Male,White,31,10,111th,2,4,0,5,0
UF19-0090,3118,Male,White,36,2,120th,2,7,0,5,0
UF19-0090,3123,Male,Hispanic,25,2,121st,2,9,0,4,0
UF19-0091,3040,Male,Hispanic,30,3,119th,2,2,0,4,0
UF19-0091,3133,Male,Hispanic,39,2,121st,2,5,0,4,0
UF19-0092,2876,Male,Hispanic,29,6,114th,2,3,1,4,0
UF19-0092,2877,Male,White,37,6,114th,2,5,1,5,0
UF19-0093,2671,Male,Hispanic,41,11,109th,2,11,0,4,0
UF19-0093,3030,Male,Hispanic,25,4,118th,2,16,0,4,0
UF19-0094,3152,Male,Hispanic,27,2,121st,2,15,1,4,0
UF19-0094,3150,Male,Hispanic,27,2,121st,2,11,1,4,0
UF19-0096,3073,Male,Hispanic,32,3,119th,2,4,0,4,0
UF19-0096,3145,Male,Hispanic,30,2,121st,2,10,0,4,0
UF19-0098,2404,Male,Hispanic,38,14,104th,4,2,0,4,0
UF19-0098,2595,Male,Hispanic,37,12,108th,4,4,0,4,0
UF19-0098,2658,Female,Hispanic,39,11,109th,4,1,0,4,1
UF19-0098,2102,Male,Hispanic,49,18,98th,4,2,0,4,0
UF19-0099,3163,Male,Hispanic,31,2,121st,2,8,0,4,0
UF19-0099,3227,Male,Hispanic,24,1,122nd,2,5,0,4,0
UF19-0102,2670,Male,White,36,11,109th,2,19,0,5,0
UF19-0102,3042,Male,Hispanic,35,3,119th,2,13,0,4,0
UF19-0108,2974,Male,Hispanic,32,4,117th,4,9,0,4,0
UF19-0108,2995,Male,Hispanic,26,3,118th,4,7,0,4,0
UF19-0108,3073,Male,Hispanic,32,2,119th,4,4,0,4,0
UF19-0108,3145,Male,Hispanic,30,1,121st,4,10,0,4,0
UF19-0109,2892,Male,Hispanic,36,6,115th,2,8,0,4,0
UF19-0109,3152,Male,Hispanic,27,2,121st,2,15,0,4,0
UF19-0110,2395,Male,Hispanic,41,15,103rd,2,2,0,4,0
UF19-0110,3151,Male,Hispanic,31,2,121st,2,9,0,4,0
UF19-0111,3034,Male,Hispanic,31,4,118th,2,4,0,4,0
UF19-0111,3045,Male,Black,25,3,119th,2,2,0,3,0
UF19-0113,2881,Male,Hispanic,31,7,114th,3,8,0,4,0
UF19-0113,2943,Male,Hispanic,35,5,116th,3,4,0,4,0
UF19-0113,3332,Male,Hispanic,37,0,124th,3,1,0,4,0
UF19-0114,3091,Female,White,29,2,120th,2,4,0,5,1
UF19-0114,3164,Male,Hispanic,28,2,121st,2,13,0,4,0
UF19-0119,3018,Male,Hispanic,34,4,118th,2,6,0,4,0
UF19-0119,3196,Male,Hispanic,31,1,122nd,2,11,0,4,0
UF19-0120,2560,Male,Hispanic,36,12,108th,5,3,.40000001,4,0
UF19-0120,2670,Male,White,36,11,109th,5,19,.40000001,5,0
UF19-0120,2655,Male,Black,60,11,109th,5,5,.40000001,3,0
UF19-0120,2967,Male,Hispanic,30,5,117th,5,10,.40000001,4,0
UF19-0120,3118,Male,White,36,2,120th,5,7,.40000001,5,0
UF19-0121,3160,Female,Hispanic,24,2,100th,2,8,0,4,1
UF19-0121,2655,Male,Black,60,11,109th,2,5,0,3,0
UF19-0122,2714,Male,White,41,11,10-Lateral,3,3,.66666669,5,0
UF19-0122,3002,Male,Black,29,4,118th,3,5,.66666669,3,0
UF19-0122,3014,Male,White,28,4,118th,3,6,.66666669,5,0
UF19-0127,2870,Male,Hispanic,28,7,114th,3,4,0,4,0
UF19-0127,3018,Male,Hispanic,34,4,118th,3,6,0,4,0
UF19-0127,3196,Male,Hispanic,31,1,122nd,3,11,0,4,0
UF19-0128,3016,Male,Hispanic,29,4,118th,2,5,1,4,0
UF19-0128,3030,Male,Hispanic,25,4,118th,2,16,1,4,0
UF19-0130,3092,Male,Hispanic,35,2,120th,2,5,0,4,0
UF19-0130,3138,Male,Hispanic,30,2,121st,2,5,0,4,0
UF19-0131,2569,Male,Hispanic,41,12,108th,2,9,0,4,0
UF19-0131,3003,Male,Hispanic,29,4,118th,2,3,0,4,0
UF19-0132,2775,Male,Hispanic,39,10,111th,2,5,0,4,0
UF19-0132,3235,Female,Hispanic,26,1,122nd,2,5,0,4,1
UF19-0134,2222,Male,White,43,17,100th,2,4,0,5,0
UF19-0134,2602,Male,Hispanic,48,12,109th,2,2,0,4,0
UF19-0136,2644,Male,Hispanic,42,11,109th,3,9,0,4,0
UF19-0136,3016,Male,Hispanic,29,4,118th,3,5,0,4,0
UF19-0136,3359,Male,Hispanic,35,0,124th,3,3,0,4,0
UF19-0138,3108,Male,White,32,2,120th,2,2,1,5,0
UF19-0138,3093,Male,Hispanic,27,2,120th,2,5,1,4,0
UF19-0139,3224,Male,Hispanic,26,1,122nd,2,6,1,4,0
UF19-0139,3215,Male,Hispanic,27,1,122nd,2,10,1,4,0
UF19-0143,3063,Male,Hispanic,31,3,119th,2,12,0,4,0
UF19-0143,3275,Female,White,24,1,123rd,2,4,0,5,1
UF19-0144,2971,Male,Hispanic,41,5,117th,2,6,0,4,0
UF19-0144,3021,Male,Hispanic,33,4,118th,2,6,0,4,0
UF19-0145,3014,Male,White,28,4,118th,5,6,.60000002,5,0
UF19-0145,3051,Male,Hispanic,25,3,119th,5,6,.60000002,4,0
UF19-0145,3045,Male,Black,25,3,119th,5,2,.60000002,3,0
UF19-0145,3068,Male,Hispanic,39,3,119th,5,9,.60000002,4,0
UF19-0145,3140,Male,Hispanic,28,2,121st,5,2,.60000002,4,0
UF19-0146,2243,Male,Hispanic,60,17,101st,3,2,0,4,0
UF19-0146,1845,Male,Hispanic,56,22,93rd,3,1,0,4,0
UF19-0146,2071,Male,Hispanic,45,19,98th,3,2,0,4,0
UF19-0149,3042,Male,Hispanic,36,3,119th,2,13,0,4,0
UF19-0149,3162,Male,Hispanic,26,2,121st,2,4,0,4,0
UF19-0150,2185,Male,Hispanic,47,17,100th,2,2,0,4,0
UF19-0150,2774,Male,Hispanic,40,10,111th,2,4,0,4,0
UF19-0154,3153,Male,Hispanic,24,2,121st,2,3,0,4,0
UF19-0154,2097,Male,Hispanic,49,19,98th,2,5,0,4,0
UF19-0155,2670,Male,White,36,11,109th,4,19,0,5,0
UF19-0155,2967,Male,Hispanic,30,5,117th,4,10,0,4,0
UF19-0155,3042,Male,Hispanic,35,3,119th,4,13,0,4,0
UF19-0155,3156,Male,Hispanic,23,2,121st,4,8,0,4,0
UF19-0160,2461,Male,White,40,13,105th,2,5,0,5,0
UF19-0160,3164,Male,Hispanic,28,2,121st,2,13,0,4,0
UF19-0163,2239,Male,Hispanic,55,17,101st,2,9,0,4,0
UF19-0163,2650,Male,Hispanic,33,11,109th,2,6,0,4,0
UF19-0166,3186,Female,Hispanic,24,1,122nd,2,3,1,4,1
UF19-0166,3188,Male,Hispanic,28,1,122nd,2,6,1,4,0
UF19-0167,3158,Female,Hispanic,23,2,121st,2,6,0,4,1
UF19-0167,3219,Male,White,38,1,122nd,2,8,0,5,0
UF19-0169,3076,Male,Hispanic,31,3,119th,2,8,0,4,0
UF19-0169,3107,Female,White,27,2,120th,2,3,0,5,1
UF19-0171,3074,Male,Hispanic,24,3,119th,2,8,0,4,0
UF19-0171,3227,Male,Hispanic,24,1,122nd,2,5,0,4,0
UF19-0172,2686,Male,Hispanic,37,11,110th,2,4,0,4,0
UF19-0172,3059,Male,Hispanic,41,3,119th,2,3,0,4,0
UF19-0173,2928,Male,White,28,5,116th,2,15,0,5,0
UF19-0173,2978,Male,Hispanic,29,5,117th,2,16,0,4,0
UF19-0174,2246,Male,Hispanic,54,17,101st,4,2,0,4,0
UF19-0174,2353,Male,Hispanic,57,16,102nd,4,4,0,4,0
UF19-0174,2980,Female,Hispanic,39,5,117th,4,6,0,4,1
UF19-0174,3168,Male,Hispanic,30,1,122nd,4,13,0,4,0
UF19-0184,3196,Male,Hispanic,31,1,122nd,2,11,0,4,0
UF19-0184,1870,Male,Hispanic,61,21,94th,2,2,0,4,0
UF19-0185,2222,Male,White,43,18,100th,3,4,.66666669,5,0
UF19-0185,3199,Male,White,34,1,122nd,3,3,.66666669,5,0
UF19-0185,3213,Male,Hispanic,40,1,122nd,3,1,.66666669,4,0
UF19-0186,3027,Male,Hispanic,26,4,118th,8,4,.25,4,0
UF19-0186,3102,Male,Hispanic,27,2,120th,8,14,.25,4,0
UF19-0186,3238,Male,Hispanic,22,1,122nd,8,8,.25,4,0
UF19-0186,3230,Male,Hispanic,23,1,122nd,8,12,.25,4,0
UF19-0186,3243,Male,White,47,0,123rd,8,3,.25,5,0
UF19-0186,3303,Male,Hispanic,21,0,124th,8,2,.25,4,0
UF19-0186,1745,Male,Hispanic,53,23,90th,8,1,.25,4,0
UF19-0186,2165,Male,Hispanic,40,18,99th,8,4,.25,4,0
UF19-0187,2575,Male,Hispanic,37,12,108th,3,3,0,4,0
UF19-0187,2882,Male,Hispanic,34,7,114th,3,6,0,4,0
UF19-0187,3043,Male,White,26,3,119th,3,3,0,5,0
UF19-0188,3034,Male,Hispanic,31,4,118th,4,4,.5,4,0
UF19-0188,3140,Male,Hispanic,28,2,121st,4,2,.5,4,0
UF19-0188,3128,Female,Hispanic,29,2,121st,4,4,.5,4,1
UF19-0188,3193,Male,Hispanic,41,1,122nd,4,5,.5,4,0
UF19-0189,3054,Male,White,46,3,119th,2,5,0,5,0
UF19-0189,3219,Male,White,38,1,122nd,2,8,0,5,0
UF19-0190,3049,Male,Hispanic,29,3,119th,2,1,0,4,0
UF19-0190,3102,Male,Hispanic,27,2,120th,2,14,0,4,0
UF19-0191,3117,Male,Hispanic,26,2,120th,2,2,0,4,0
UF19-0191,3138,Male,Hispanic,30,2,121st,2,5,0,4,0
UF19-0194,3117,Male,Hispanic,26,2,120th,3,2,.66666669,4,0
UF19-0194,3215,Male,Hispanic,27,1,122nd,3,10,.66666669,4,0
UF19-0194,3224,Male,Hispanic,26,1,122nd,3,6,.66666669,4,0
UF19-0195,2185,Male,Hispanic,47,18,100th,3,2,0,4,0
UF19-0195,3131,Female,Hispanic,31,2,121st,3,5,0,4,1
UF19-0195,3208,Male,White,32,1,122nd,3,4,0,5,0
UF19-0196,2251,Male,Hispanic,43,17,101st,4,3,0,4,0
UF19-0196,2938,Male,Hispanic,47,5,116th,4,6,0,4,0
UF19-0196,3059,Male,Hispanic,41,3,119th,4,3,0,4,0
UF19-0196,2136,Male,Hispanic,46,18,99th,4,2,0,4,0
UF19-0198,2962,Male,White,35,5,116th,2,8,0,5,0
UF19-0198,3153,Male,Hispanic,24,2,121st,2,3,0,4,0
UF19-0199,3032,Female,Hispanic,40,4,118th,4,6,.75,4,1
UF19-0199,3150,Male,Hispanic,27,2,121st,4,11,.75,4,0
UF19-0199,3129,Female,White,24,2,121st,4,14,.75,5,1
UF19-0199,3152,Male,Hispanic,27,2,121st,4,15,.75,4,0
UF19-0201,3162,Male,Hispanic,26,2,121st,2,4,0,4,0
UF19-0201,3225,Male,Hispanic,27,1,122nd,2,6,0,4,0
UF19-0202,3042,Male,Hispanic,36,3,119th,2,13,0,4,0
UF19-0202,3126,Male,Hispanic,25,2,121st,2,26,0,4,0
UF19-0203,1803,Male,Hispanic,46,23,91st,2,5,0,4,0
UF19-0203,2047,Female,Hispanic,49,19,97th,2,8,0,4,1
UF19-0205,2567,Male,White,40,12,108th,4,2,0,5,0
UF19-0205,2691,Male,White,36,11,110th,4,6,0,5,0
UF19-0205,3054,Male,White,46,3,119th,4,5,0,5,0
UF19-0205,3191,Male,Hispanic,28,1,122nd,4,6,0,4,0
UF19-0207,1571,Male,Hispanic,48,25,86th,2,2,0,4,0
UF19-0207,1837,Male,Hispanic,49,22,93rd,2,3,0,4,0
UF19-0208,2928,Male,White,28,5,116th,2,15,0,5,0
UF19-0208,2978,Male,Hispanic,29,5,117th,2,16,0,4,0
UF19-0210,2961,Female,Hispanic,30,5,116th,2,1,0,4,1
UF19-0210,1421,Male,Hispanic,52,28,81st,2,3,0,4,0
UF19-0211,2967,Male,Hispanic,30,5,117th,2,10,0,4,0
UF19-0211,3123,Male,Hispanic,25,2,121st,2,9,0,4,0
UF19-0212,2272,Male,Hispanic,43,17,101st,2,3,0,4,0
UF19-0212,3189,Male,Hispanic,25,1,122nd,2,2,0,4,0
UF19-0213,3094,Male,Hispanic,25,2,120th,4,16,.5,4,0
UF19-0213,3102,Male,Hispanic,27,2,120th,4,14,.5,4,0
UF19-0213,3139,Male,Hispanic,23,2,121st,4,4,.5,4,0
UF19-0213,3179,Male,White,27,1,122nd,4,4,.5,5,0
UF19-0214,2881,Male,Hispanic,31,7,114th,4,8,.5,4,0
UF19-0214,3144,Male,Hispanic,25,2,121st,4,7,.5,4,0
UF19-0214,3163,Male,Hispanic,31,2,121st,4,8,.5,4,0
UF19-0214,3227,Male,Hispanic,24,1,122nd,4,5,.5,4,0
UF19-0217,3022,Male,Hispanic,41,4,118th,2,3,0,4,0
UF19-0217,3219,Male,White,38,1,122nd,2,8,0,5,0
UF19-0218,2638,Male,Hispanic,33,11,109th,3,5,0,4,0
UF19-0218,2971,Male,Hispanic,41,5,117th,3,6,0,4,0
UF19-0218,3021,Male,Hispanic,33,4,118th,3,6,0,4,0
UF19-0219,3123,Male,Hispanic,25,2,121st,2,9,1,4,0
UF19-0219,3151,Male,Hispanic,31,2,121st,2,9,1,4,0
UF19-0221,2691,Male,White,36,11,110th,4,6,.5,5,0
UF19-0221,3064,Male,White,35,3,119th,4,1,.5,5,0
UF19-0221,3054,Male,White,46,3,119th,4,5,.5,5,0
UF19-0221,3114,Male,Hispanic,26,2,120th,4,6,.5,4,0
UF19-0224,3173,Male,Hispanic,30,1,122nd,4,7,1,4,0
UF19-0224,3179,Male,White,27,1,122nd,4,4,1,5,0
UF19-0224,3235,Male,Hispanic,26,1,122nd,4,5,1,4,0
UF19-0224,3168,Male,Hispanic,30,1,122nd,4,13,1,4,0
UF19-0228,3103,Male,Hispanic,34,2,120th,2,4,0,4,0
UF19-0228,3139,Male,Hispanic,23,2,121st,2,4,0,4,0
UF19-0229,2423,Male,Hispanic,41,14,104th,2,5,0,4,0
UF19-0229,3100,Female,Hispanic,35,2,120th,2,3,0,4,1
UF19-0231,2773,Male,Hispanic,32,10,111th,3,6,0,4,0
UF19-0231,3094,Male,Hispanic,25,2,120th,3,16,0,4,0
UF19-0231,3187,Male,Hispanic,26,1,122nd,3,6,0,4,0
UF19-0233,3047,Male,Hispanic,27,3,119th,4,4,.5,4,0
UF19-0233,3094,Male,Hispanic,25,2,120th,4,16,.5,4,0
UF19-0233,3185,Male,Black,26,1,122nd,4,7,.5,3,0
UF19-0233,3218,Male,Hispanic,36,1,122nd,4,3,.5,4,0
UF19-0234,2248,Male,Hispanic,43,17,101st,2,1,0,4,0
UF19-0234,3094,Male,Hispanic,25,2,120th,2,16,0,4,0
UF19-0235,2390,Male,Hispanic,48,15,103rd,2,2,0,4,0
UF19-0235,3153,Male,Hispanic,24,2,121st,2,3,0,4,0
UF19-0237,2840,Male,White,30,8,113th,2,3,0,5,0
UF19-0237,2951,Male,Hispanic,29,5,116th,2,3,0,4,0
UF19-0238,3160,Female,Hispanic,24,2,100th,4,8,0,4,1
UF19-0238,3095,Male,Hispanic,39,2,120th,4,7,0,4,0
UF19-0238,3147,Female,Hispanic,40,2,121st,4,3,0,4,1
UF19-0238,3230,Male,Hispanic,23,1,122nd,4,12,0,4,0
UF19-0241,2696,Male,Hispanic,41,11,110th,2,2,0,4,0
UF19-0241,3095,Male,Hispanic,39,2,120th,2,7,0,4,0
UF19-0242,3303,Male,Hispanic,21,0,124th,2,2,0,4,0
UF19-0242,2165,Male,Hispanic,40,18,99th,2,4,0,4,0
UF19-0243,2951,Male,Hispanic,29,5,116th,2,3,0,4,0
UF19-0243,2978,Male,Hispanic,29,5,117th,2,16,0,4,0
UF19-0245,2480,Male,Hispanic,36,14,105th,3,3,0,4,0
UF19-0245,2569,Male,Hispanic,41,12,108th,3,9,0,4,0
UF19-0245,2890,Male,Hispanic,29,6,115th,3,6,0,4,0
UF19-0246,2671,Male,Hispanic,41,12,109th,5,11,0,4,0
UF19-0246,3042,Male,Hispanic,36,3,119th,5,13,0,4,0
UF19-0246,3119,Male,White,24,2,120th,5,7,0,5,0
UF19-0246,3123,Male,Hispanic,25,2,121st,5,9,0,4,0
UF19-0246,3299,Male,Black,28,0,123rd,5,1,0,3,0
UF19-0247,3025,Male,Hispanic,27,4,118th,2,11,0,4,0
UF19-0247,3158,Female,Hispanic,23,2,121st,2,6,0,4,1
UF19-0252,3238,Male,Hispanic,22,1,122nd,2,8,1,4,0
UF19-0252,3217,Male,Hispanic,37,1,122nd,2,5,1,4,0
UF19-0253,3128,Female,Hispanic,29,2,121st,3,4,.66666669,4,1
UF19-0253,3219,Male,White,38,1,122nd,3,8,.66666669,5,0
UF19-0253,3221,Male,Hispanic,26,1,122nd,3,6,.66666669,4,0
UF19-0256,3094,Male,Hispanic,25,2,120th,2,16,1,4,0
UF19-0256,3106,Male,Hispanic,28,2,120th,2,10,1,4,0
UF19-0258,3002,Male,Black,29,4,118th,2,5,0,3,0
UF19-0258,3168,Male,Hispanic,30,1,122nd,2,13,0,4,0
UF19-0261,3205,Male,Hispanic,31,1,122nd,2,20,1,4,0
UF19-0261,3234,Male,Hispanic,24,1,122nd,2,5,1,4,0
UF19-0263,2285,Male,Hispanic,45,16,102nd,2,11,0,4,0
UF19-0263,3126,Male,Hispanic,25,2,121st,2,26,0,4,0
UF19-0265,3030,Male,Hispanic,25,4,118th,3,16,0,4,0
UF19-0265,3162,Male,Hispanic,26,2,121st,3,4,0,4,0
UF19-0265,3359,Male,Hispanic,35,0,124th,3,3,0,4,0
UF19-0266,2937,Male,Hispanic,35,5,116th,2,1,0,4,0
UF19-0266,2855,Male,Hispanic,34,7,16th-Lateral,2,5,0,4,0
UF19-0267,2928,Male,White,28,5,116th,2,15,0,5,0
UF19-0267,2978,Male,Hispanic,29,5,117th,2,16,0,4,0
UF19-0269,2928,Male,White,28,5,116th,3,15,.66666669,5,0
UF19-0269,2978,Male,Hispanic,29,5,117th,3,16,.66666669,4,0
UF19-0269,2971,Male,Hispanic,42,5,117th,3,6,.66666669,4,0
UF19-0272,2877,Male,White,37,7,114th,3,5,0,5,0
UF19-0272,3129,Female,White,24,2,121st,3,14,0,5,1
UF19-0272,3200,Male,White,27,1,122nd,3,11,0,5,0
UF19-0273,2403,Male,Hispanic,44,14,104th,6,8,.66666669,4,0
UF19-0273,2877,Male,White,37,7,114th,6,5,.66666669,5,0
UF19-0273,2876,Male,Hispanic,30,7,114th,6,3,.66666669,4,0
UF19-0273,2892,Male,Hispanic,36,6,115th,6,8,.66666669,4,0
UF19-0273,3070,Male,Hispanic,28,3,119th,6,9,.66666669,4,0
UF19-0273,3076,Male,Hispanic,30,3,119th,6,8,.66666669,4,0
UF19-0274,2877,Male,White,37,7,114th,3,5,.66666669,5,0
UF19-0274,3223,Male,Hispanic,36,1,122nd,3,14,.66666669,4,0
UF19-0274,3200,Male,White,27,1,122nd,3,11,.66666669,5,0
UF19-0275,2942,Male,Hispanic,34,5,116th,3,5,0,4,0
UF19-0275,3113,Female,Hispanic,32,2,120th,3,3,0,4,1
UF19-0275,3224,Male,Hispanic,26,1,122nd,3,6,0,4,0
UF19-0277,2839,Male,Hispanic,38,8,113th,3,2,.66666669,4,0
UF19-0277,3215,Male,Hispanic,27,1,122nd,3,10,.66666669,4,0
UF19-0277,3224,Male,Hispanic,26,1,122nd,3,6,.66666669,4,0
UF19-0278,2953,Male,Hispanic,29,5,116th,2,7,0,4,0
UF19-0278,3199,Male,White,34,1,122nd,2,3,0,5,0
UF19-0279,2457,Male,Hispanic,45,13,105th,4,2,0,4,0
UF19-0279,2794,Male,Hispanic,48,10,112th,4,1,0,4,0
UF19-0279,3199,Male,White,34,1,122nd,4,3,0,5,0
UF19-0279,1829,Male,Hispanic,48,22,92nd,4,1,0,4,0
UF19-0283,1561,Male,White,48,25,86th,2,1,0,5,0
UF19-0283,1840,Male,White,47,22,93rd,2,5,0,5,0
UF19-0285,2876,Male,Hispanic,30,7,114th,2,3,0,4,0
UF19-0285,3200,Male,White,27,1,122nd,2,11,0,5,0
UF19-0286,2671,Male,Hispanic,41,11,109th,2,11,1,4,0
UF19-0286,2644,Male,Hispanic,42,11,109th,2,9,1,4,0
UF19-0288,2638,Male,Hispanic,33,12,109th,2,5,0,4,0
UF19-0288,2757,Male,Black,38,10,111th,2,2,0,3,0
UF19-0289,2505,Male,Hispanic,43,13,106th,2,12,0,4,0
UF19-0289,3234,Male,Hispanic,24,1,122nd,2,5,0,4,0
UF19-0290,2403,Male,Hispanic,44,14,104th,4,8,0,4,0
UF19-0290,2892,Male,Hispanic,36,6,115th,4,8,0,4,0
UF19-0290,3234,Male,Hispanic,24,1,122nd,4,5,0,4,0
UF19-0290,1600,Male,Hispanic,50,25,87th,4,11,0,4,0
UF19-0291,2575,Male,Hispanic,37,12,108th,2,3,0,4,0
UF19-0291,2881,Male,Hispanic,31,7,114th,2,8,0,4,0
UF19-0294,1478,Male,Hispanic,52,26,83rd,2,2,0,4,0
UF19-0294,2015,Male,Hispanic,44,20,97th,2,2,0,4,0
UF19-0295,2403,Male,Hispanic,44,14,104th,2,8,0,4,0
UF19-0295,3135,Female,White,25,2,121st,2,7,0,5,1
UF19-0297,3095,Male,Hispanic,39,2,120th,2,7,0,4,0
UF19-0297,3200,Male,White,27,1,122nd,2,11,0,5,0
UF19-0301,3102,Male,Hispanic,28,2,120th,2,14,0,4,0
UF19-0301,3238,Male,Hispanic,22,1,122nd,2,8,0,4,0
UF19-0302,2507,Male,Hispanic,42,13,106th,2,1,0,4,0
UF19-0302,2616,Male,Hispanic,36,12,109th,2,7,0,4,0
UF19-0303,2655,Male,Black,60,12,109th,4,5,0,3,0
UF19-0303,3042,Male,Hispanic,36,3,119th,4,13,0,4,0
UF19-0303,3127,Female,Hispanic,35,2,121st,4,4,0,4,1
UF19-0303,3222,Female,Hispanic,25,1,122nd,4,3,0,4,1
UF19-0306,2980,Female,Hispanic,39,5,117th,2,6,0,4,1
UF19-0306,3163,Male,Hispanic,31,2,121st,2,8,0,4,0
UF19-0307,2231,Male,Hispanic,43,17,101st,3,1,0,4,0
UF19-0307,2804,Male,Hispanic,52,10,112th,3,5,0,4,0
UF19-0307,2166,Male,Hispanic,56,18,99th,3,1,0,4,0
UF19-0308,2569,Male,Hispanic,41,12,108th,3,9,0,4,0
UF19-0308,2890,Male,Hispanic,29,6,115th,3,6,0,4,0
UF19-0308,2716,Male,Hispanic,46,11,11th Lateral,3,3,0,4,0
UF19-0309,3151,Male,Hispanic,31,2,121st,2,9,1,4,0
UF19-0309,3123,Male,Hispanic,25,2,121st,2,9,1,4,0
UF19-0310,3168,Male,Hispanic,31,1,122nd,2,13,0,4,0
UF19-0310,1613,Male,Asian/Pacific Islander,52,25,87th,2,1,0,2,0
UF19-0311,2595,Male,Hispanic,37,12,108th,2,4,0,4,0
UF19-0311,2750,Male,Hispanic,36,10,111th,2,2,0,4,0
UF19-0312,2892,Male,Hispanic,36,6,115th,3,8,.66666669,4,0
UF19-0312,3063,Male,Hispanic,31,3,119th,3,12,.66666669,4,0
UF19-0312,3070,Male,Hispanic,28,3,119th,3,9,.66666669,4,0
UF19-0313,2967,Male,Hispanic,30,5,117th,2,10,0,4,0
UF19-0313,3041,Male,Hispanic,25,3,119th,2,9,0,4,0
UF19-0314,2595,Male,Hispanic,37,12,108th,4,4,0,4,0
UF19-0314,2942,Male,Hispanic,34,5,116th,4,5,0,4,0
UF19-0314,3088,Male,White,33,2,120th,4,4,0,5,0
UF19-0314,1600,Male,Hispanic,50,25,87th,4,11,0,4,0
UF19-0316,2953,Male,Hispanic,30,5,116th,5,7,.40000001,4,0
UF19-0316,3136,Male,Hispanic,29,2,121st,5,6,.40000001,4,0
UF19-0316,3192,Male,Hispanic,25,1,122nd,5,2,.40000001,4,0
UF19-0316,3232,Male,Hispanic,35,1,122nd,5,11,.40000001,4,0
UF19-0316,2147,Male,Hispanic,45,18,99th,5,6,.40000001,4,0
UF19-0319,2870,Male,Hispanic,28,7,114th,4,4,0,4,0
UF19-0319,2921,Male,Hispanic,32,6,115th,4,10,0,4,0
UF19-0319,3070,Male,Hispanic,28,3,119th,4,9,0,4,0
UF19-0319,3095,Male,Hispanic,39,2,120th,4,7,0,4,0
UF19-0321,2239,Male,Hispanic,56,17,101st,2,9,0,4,0
UF19-0321,3048,Female,Hispanic,34,3,119th,2,12,0,4,1
UF19-0322,3095,Male,Hispanic,39,2,120th,4,7,.5,4,0
UF19-0322,3121,Male,Hispanic,29,2,121st,4,8,.5,4,0
UF19-0322,3126,Male,Hispanic,25,2,121st,4,26,.5,4,0
UF19-0322,3200,Male,White,27,1,122nd,4,11,.5,5,0
UF19-0324,2941,Male,White,35,5,116th,2,5,0,5,0
UF19-0324,3212,Male,Hispanic,27,1,122nd,2,5,0,4,0
UF19-0325,3198,Male,Hispanic,27,1,122nd,3,6,1,4,0
UF19-0325,3230,Male,Hispanic,23,1,122nd,3,12,1,4,0
UF19-0325,3218,Male,Hispanic,36,1,122nd,3,3,1,4,0
UF19-0326,3042,Male,Hispanic,36,3,119th,2,13,0,4,0
UF19-0326,2093,Male,White,44,19,97th,2,6,0,5,0
UF19-0327,2914,Male,Hispanic,32,6,115th,4,1,0,4,0
UF19-0327,3002,Male,Black,29,4,118th,4,5,0,3,0
UF19-0327,1756,Female,Hispanic,53,23,90th,4,1,0,4,1
UF19-0327,2069,Male,Hispanic,51,19,98th,4,2,0,4,0
UF19-0332,2398,Male,Hispanic,38,15,104th,3,1,0,4,0
UF19-0332,2638,Male,Hispanic,33,12,109th,3,5,0,4,0
UF19-0332,2757,Male,Black,39,11,111th,3,2,0,3,0
UF19-0333,3043,Male,White,26,3,119th,3,3,.66666669,5,0
UF19-0333,3238,Male,Hispanic,22,1,122nd,3,8,.66666669,4,0
UF19-0333,3230,Male,Hispanic,23,1,122nd,3,12,.66666669,4,0
UF19-0334,2432,Male,White,50,14,104th,2,1,0,5,0
UF19-0334,3029,Male,Hispanic,31,4,118th,2,5,0,4,0
UF19-0335,3019,Female,Hispanic,29,4,118th,2,2,0,4,1
UF19-0335,3077,Male,Hispanic,27,3,119th,2,2,0,4,0
UF19-0337,2320,Male,Hispanic,47,16,102nd,5,1,0,4,0
UF19-0337,2461,Male,White,41,14,105th,5,5,0,5,0
UF19-0337,3105,Male,Hispanic,29,2,120th,5,2,0,4,0
UF19-0337,3164,Male,Hispanic,28,2,121st,5,13,0,4,0
UF19-0337,1907,Male,Hispanic,50,21,95th,5,1,0,4,0
UF19-0339,2537,Male,White,38,13,107th,3,5,0,5,0
UF19-0339,3033,Male,Hispanic,33,4,118th,3,1,0,4,0
UF19-0339,1600,Male,Hispanic,50,25,87th,3,11,0,4,0
UF19-0340,3138,Male,Hispanic,30,2,121st,3,5,.66666669,4,0
UF19-0340,3158,Female,Hispanic,23,2,121st,3,6,.66666669,4,1
UF19-0340,3215,Male,Hispanic,27,1,122nd,3,10,.66666669,4,0
UF19-0343,1803,Male,Hispanic,46,23,91st,2,5,0,4,0
UF19-0343,2047,Female,Hispanic,50,20,97th,2,8,0,4,1
UF19-0344,2886,Female,Hispanic,31,6,115th,2,1,0,4,1
UF19-0344,2047,Female,Hispanic,50,20,97th,2,8,0,4,1
UF19-0346,3074,Male,Hispanic,24,3,119th,2,8,0,4,0
UF19-0346,3185,Male,Black,26,1,122nd,2,7,0,3,0
UF19-0347,2423,Male,Hispanic,41,14,104th,2,5,0,4,0
UF19-0347,3227,Male,Hispanic,24,1,122nd,2,5,0,4,0
UF19-0348,2285,Male,Hispanic,45,16,102nd,7,11,.42857143,4,0
UF19-0348,2772,Male,White,31,10,111th,7,4,.42857143,5,0
UF19-0348,3018,Male,Hispanic,34,4,118th,7,6,.42857143,4,0
UF19-0348,3135,Female,White,25,2,121st,7,7,.42857143,5,1
UF19-0348,3205,Male,Hispanic,31,1,122nd,7,20,.42857143,4,0
UF19-0348,3210,Male,White,29,1,122nd,7,4,.42857143,5,0
UF19-0348,3223,Male,Hispanic,36,1,122nd,7,14,.42857143,4,0
UF19-0350,2239,Male,Hispanic,56,17,101st,2,9,0,4,0
UF19-0350,3196,Male,Hispanic,31,1,122nd,2,11,0,4,0
UF19-0352,2505,Male,Hispanic,42,13,106th,2,12,0,4,0
UF19-0352,3063,Male,Hispanic,31,3,119th,2,12,0,4,0
UF19-0354,2995,Male,Hispanic,26,4,118th,3,7,0,4,0
UF19-0354,3043,Male,White,26,3,119th,3,3,0,5,0
UF19-0354,3145,Male,Hispanic,30,2,121st,3,10,0,4,0
UF19-0355,2893,Male,Hispanic,34,6,115th,4,2,0,4,0
UF19-0355,3149,Male,Hispanic,32,2,121st,4,4,0,4,0
UF19-0355,1025,Male,Hispanic,59,31,75th,4,2,0,4,0
UF19-0355,2156,Male,Hispanic,47,18,99th,4,2,0,4,0
UF19-0356,3088,Male,White,33,2,120th,2,4,0,5,0
UF19-0356,1600,Male,Hispanic,50,25,87th,2,11,0,4,0
UF19-0358,2671,Male,Hispanic,42,12,109th,3,11,.66666669,4,0
UF19-0358,3162,Male,Hispanic,26,2,121st,3,4,.66666669,4,0
UF19-0358,3156,Male,Hispanic,23,2,121st,3,8,.66666669,4,0
UF19-0359,3144,Male,Hispanic,25,2,121st,3,7,.66666669,4,0
UF19-0359,3143,Female,White,32,2,121st,3,2,.66666669,5,1
UF19-0359,2784,Male,Hispanic,44,10,13th Lateral,3,2,.66666669,4,0
UF19-0362,2201,Male,Hispanic,43,18,100th,2,1,0,4,0
UF19-0362,3032,Female,Hispanic,40,4,118th,2,6,0,4,1
UF19-0366,2412,Male,White,38,14,104th,4,1,0,5,0
UF19-0366,2727,Male,Hispanic,38,11,111th,4,1,0,4,0
UF19-0366,2930,Male,Hispanic,27,5,116th,4,1,0,4,0
UF19-0366,3086,Male,Hispanic,39,3,119th,4,1,0,4,0
UF19-0368,2216,Male,Hispanic,47,18,100th,2,4,0,4,0
UF19-0368,2250,Male,Hispanic,56,17,101st,2,2,0,4,0
UF19-0369,2980,Female,Hispanic,39,5,117th,3,6,0,4,1
UF19-0369,3051,Male,Hispanic,25,3,119th,3,6,0,4,0
UF19-0369,3163,Male,Hispanic,31,2,121st,3,8,0,4,0
UF19-0370,3124,Male,Hispanic,26,2,121st,3,13,0,4,0
UF19-0370,3232,Male,Hispanic,35,1,122nd,3,11,0,4,0
UF19-0370,2107,Male,Asian/Pacific Islander,52,19,98th,3,4,0,2,0
UF19-0371,3230,Male,Hispanic,23,1,122nd,2,12,1,4,0
UF19-0371,3198,Male,Hispanic,27,1,122nd,2,6,1,4,0
UF19-0372,2686,Male,Hispanic,37,11,110th,3,4,0,4,0
UF19-0372,2975,Male,Hispanic,27,5,117th,3,3,0,4,0
UF19-0372,3097,Male,White,29,2,120th,3,8,0,5,0
UF19-0373,2254,Male,Hispanic,51,17,101st,2,3,0,4,0
UF19-0373,2044,Female,Hispanic,59,20,97th,2,4,0,4,1
UF19-0374,3082,Male,Hispanic,31,3,119th,6,10,.83333331,4,0
UF19-0374,3060,Male,Alaskan Native/Native American,25,3,119th,6,11,.83333331,1,0
UF19-0374,3130,Female,White,28,2,121st,6,4,.83333331,5,1
UF19-0374,3179,Male,White,27,1,122nd,6,4,.83333331,5,0
UF19-0374,3168,Male,Hispanic,31,1,122nd,6,13,.83333331,4,0
UF19-0374,3173,Male,Hispanic,30,1,122nd,6,7,.83333331,4,0
UF19-0378,3054,Male,White,46,3,119th,2,5,0,5,0
UF19-0378,3193,Male,Hispanic,41,1,122nd,2,5,0,4,0
UF19-0380,3082,Male,Hispanic,30,3,119th,2,10,0,4,0
UF19-0380,1025,Male,Hispanic,59,31,75th,2,2,0,4,0
UF19-0381,2671,Male,Hispanic,42,12,109th,3,11,.66666669,4,0
UF19-0381,2670,Male,White,37,12,109th,3,19,.66666669,5,0
UF19-0381,3236,Female,Hispanic,30,1,122nd,3,5,.66666669,4,1
UF19-0382,2686,Male,Hispanic,37,11,110th,2,4,0,4,0
UF19-0382,3097,Male,White,29,2,120th,2,8,0,5,0
UF19-0383,3187,Male,Hispanic,26,1,122nd,2,6,1,4,0
UF19-0383,3227,Male,Hispanic,24,1,122nd,2,5,1,4,0
UF19-0384,3056,Male,Hispanic,28,3,119th,2,3,0,4,0
UF19-0384,3198,Male,Hispanic,27,1,122nd,2,6,0,4,0
UF19-0385,2670,Male,White,37,12,109th,2,19,0,5,0
UF19-0385,3123,Male,Hispanic,25,2,121st,2,9,0,4,0
UF19-0387,2274,Male,Hispanic,44,17,101st,2,2,0,4,0
UF19-0387,2716,Male,Hispanic,46,11,11th Lateral,2,3,0,4,0
UF19-0388,3128,Female,Hispanic,29,2,121st,3,4,.66666669,4,1
UF19-0388,3191,Male,Hispanic,28,1,122nd,3,6,.66666669,4,0
UF19-0388,3188,Male,Hispanic,28,1,122nd,3,6,.66666669,4,0
UF19-0390,3066,Female,Hispanic,35,3,119th,2,2,0,4,1
UF19-0390,2122,Male,Hispanic,41,18,98th,2,1,0,4,0
UF19-0391,2505,Male,Hispanic,42,13,106th,2,12,0,4,0
UF19-0391,3223,Male,Hispanic,36,1,122nd,2,14,0,4,0
UF19-0394,2986,Male,Hispanic,42,5,117th,2,5,0,4,0
UF19-0394,3048,Female,Hispanic,34,3,119th,2,12,0,4,1
UF19-0395,2246,Male,Hispanic,55,17,101st,2,2,0,4,0
UF19-0395,2809,Male,White,36,10,112th,2,4,0,5,0
UF19-0398,2957,Female,Hispanic,28,5,116th,2,2,0,4,1
UF19-0398,2855,Male,Hispanic,34,7,16th-Lateral,2,5,0,4,0
UF19-0400,3025,Male,Hispanic,27,4,118th,4,11,0,4,0
UF19-0400,3041,Male,Hispanic,25,3,119th,4,9,0,4,0
UF19-0400,3119,Male,White,24,2,120th,4,7,0,5,0
UF19-0400,3122,Male,Hispanic,30,2,121st,4,6,0,4,0
UF19-0401,2980,Female,Hispanic,39,5,117th,4,6,.5,4,1
UF19-0401,3163,Male,Hispanic,31,2,121st,4,8,.5,4,0
UF19-0401,3130,Female,White,28,2,121st,4,4,.5,5,1
UF19-0401,3208,Male,White,32,1,122nd,4,4,.5,5,0
UF19-0403,3151,Male,Hispanic,31,2,121st,2,9,1,4,0
UF19-0403,3123,Male,Hispanic,25,2,121st,2,9,1,4,0
UF19-0404,2616,Male,Hispanic,36,12,109th,4,7,.5,4,0
UF19-0404,3047,Male,Hispanic,27,3,119th,4,4,.5,4,0
UF19-0404,3094,Male,Hispanic,25,2,120th,4,16,.5,4,0
UF19-0404,3106,Male,Hispanic,28,2,120th,4,10,.5,4,0
UF19-0405,2300,Male,Hispanic,45,16,102nd,3,3,0,4,0
UF19-0405,2508,Male,Hispanic,38,13,106th,3,3,0,4,0
UF19-0405,3097,Male,White,29,2,120th,3,8,0,5,0
UF19-0407,3136,Male,Hispanic,29,2,121st,2,6,0,4,0
UF19-0407,2136,Male,Hispanic,46,18,99th,2,2,0,4,0
UF19-0408,2921,Male,Hispanic,32,6,115th,3,10,.66666669,4,0
UF19-0408,3150,Male,Hispanic,27,2,121st,3,11,.66666669,4,0
UF19-0408,3152,Male,Hispanic,28,2,121st,3,15,.66666669,4,0
UF19-0411,2974,Male,Hispanic,33,5,117th,2,9,0,4,0
UF19-0411,3114,Male,Hispanic,26,2,120th,2,6,0,4,0
UF19-0413,3057,Male,Hispanic,42,3,119th,2,1,0,4,0
UF19-0413,1817,Female,White,55,22,92nd,2,1,0,5,1
UF19-0415,2212,Male,Hispanic,50,18,100th,2,4,0,4,0
UF19-0415,1670,Male,White,50,24,88th,2,1,0,5,0
UF19-0416,2253,Female,Hispanic,48,17,101st,5,1,.40000001,4,1
UF19-0416,2506,Male,White,42,13,106th,5,1,.40000001,5,0
UF19-0416,2938,Male,Hispanic,47,5,116th,5,6,.40000001,4,0
UF19-0416,3170,Male,Hispanic,33,1,122nd,5,2,.40000001,4,0
UF19-0416,3222,Female,Hispanic,25,1,122nd,5,3,.40000001,4,1
UF19-0419,2942,Male,Hispanic,34,5,116th,5,5,.60000002,4,0
UF19-0419,3029,Male,Hispanic,30,4,118th,5,5,.60000002,4,0
UF19-0419,3171,Female,Hispanic,33,1,122nd,5,2,.60000002,4,1
UF19-0419,3177,Male,Hispanic,29,1,122nd,5,4,.60000002,4,0
UF19-0419,3224,Male,Hispanic,26,1,122nd,5,6,.60000002,4,0
UF19-0420,2520,Male,Hispanic,46,13,107th,2,2,0,4,0
UF19-0420,3102,Male,Hispanic,28,2,120th,2,14,0,4,0
UF19-0421,2956,Male,Hispanic,33,5,116th,2,2,0,4,0
UF19-0421,3125,Male,Hispanic,28,2,121st,2,5,0,4,0
UF19-0422,2239,Male,Hispanic,56,17,101st,3,9,0,4,0
UF19-0422,2910,Male,White,31,6,115th,3,9,0,5,0
UF19-0422,3181,Male,Hispanic,24,1,122nd,3,7,0,4,0
UF19-0425,3110,Male,Hispanic,28,2,120th,2,5,0,4,0
UF19-0425,1840,Male,White,47,22,93rd,2,5,0,5,0
UF19-0428,2644,Male,Hispanic,42,12,109th,2,9,0,4,0
UF19-0428,2938,Male,Hispanic,47,5,116th,2,6,0,4,0
UF19-0429,3229,Male,Hispanic,24,1,122nd,2,3,1,4,0
UF19-0429,3218,Male,Hispanic,36,1,122nd,2,3,1,4,0
UF19-0430,2921,Male,Hispanic,32,6,115th,2,10,0,4,0
UF19-0430,2944,Male,Hispanic,31,5,116th,2,4,0,4,0
UF19-0431,1478,Male,Hispanic,52,26,83rd,2,2,0,4,0
UF19-0431,1640,Male,Hispanic,54,25,87th,2,1,0,4,0
UF19-0433,2212,Male,Hispanic,50,18,100th,3,4,0,4,0
UF19-0433,3136,Male,Hispanic,29,2,121st,3,6,0,4,0
UF19-0433,3194,Male,Hispanic,26,1,122nd,3,3,0,4,0
UF19-0435,2963,Female,Hispanic,46,5,116th,5,2,1,4,1
UF19-0435,2962,Male,White,35,5,116th,5,8,1,5,0
UF19-0435,3168,Male,Hispanic,31,1,122nd,5,13,1,4,0
UF19-0435,3198,Male,Hispanic,28,1,122nd,5,6,1,4,0
UF19-0435,3229,Male,Hispanic,24,1,122nd,5,3,1,4,0
UF19-0437,2559,Male,Hispanic,36,12,108th,2,1,0,4,0
UF19-0437,1541,Male,Hispanic,49,26,85th,2,1,0,4,0
UF19-0438,2343,Male,Hispanic,40,16,102nd,2,1,0,4,0
UF19-0438,3053,Male,Hispanic,34,3,119th,2,8,0,4,0
UF19-0440,3060,Male,Alaskan Native/Native American,25,3,119th,4,11,.75,1,0
UF19-0440,3168,Male,Hispanic,31,1,122nd,4,13,.75,4,0
UF19-0440,3214,Male,Hispanic,29,1,122nd,4,3,.75,4,0
UF19-0440,3173,Male,Hispanic,30,1,122nd,4,7,.75,4,0
UF19-0443,2370,Male,White,43,15,103rd,3,2,0,5,0
UF19-0443,3013,Female,Hispanic,28,4,118th,3,2,0,4,1
UF19-0443,2039,Male,Hispanic,45,20,97th,3,3,0,4,0
UF19-0444,2644,Male,Hispanic,42,12,109th,2,9,0,4,0
UF19-0444,2093,Male,White,44,19,97th,2,6,0,5,0
UF19-0446,3106,Male,Hispanic,28,2,120th,2,10,1,4,0
UF19-0446,3094,Male,Hispanic,25,2,120th,2,16,1,4,0
UF19-0447,2239,Male,Hispanic,56,17,101st,2,9,0,4,0
UF19-0447,2910,Male,White,31,6,115th,2,9,0,5,0
UF19-0449,3160,Female,Hispanic,24,2,100th,3,8,0,4,1
UF19-0449,2967,Male,Hispanic,30,5,117th,3,10,0,4,0
UF19-0449,3156,Male,Hispanic,23,2,121st,3,8,0,4,0
UF19-0450,2910,Male,White,31,6,115th,4,9,.5,5,0
UF19-0450,3129,Female,White,25,2,121st,4,14,.5,5,1
UF19-0450,3205,Male,Hispanic,32,1,122nd,4,20,.5,4,0
UF19-0450,3223,Male,Hispanic,36,1,122nd,4,14,.5,4,0
UF19-0453,3129,Female,White,25,2,121st,3,14,.66666669,5,1
UF19-0453,3169,Male,Hispanic,27,1,122nd,3,4,.66666669,4,0
UF19-0453,3181,Male,Hispanic,24,1,122nd,3,7,.66666669,4,0
UF19-0455,2890,Male,Hispanic,29,6,115th,4,6,0,4,0
UF19-0455,2978,Male,Hispanic,29,5,117th,4,16,0,4,0
UF19-0455,2994,Male,Hispanic,40,4,118th,4,4,0,4,0
UF19-0455,3130,Female,White,28,2,121st,4,4,0,5,1
UF19-0456,3018,Male,Hispanic,34,4,118th,4,6,.5,4,0
UF19-0456,3234,Male,Hispanic,25,1,122nd,4,5,.5,4,0
UF19-0456,3205,Male,Hispanic,32,1,122nd,4,20,.5,4,0
UF19-0456,1888,Male,Hispanic,46,22,94th,4,1,.5,4,0
UF19-0458,2285,Male,Hispanic,45,16,102nd,2,11,0,4,0
UF19-0458,2505,Male,Hispanic,43,13,106th,2,12,0,4,0
UF19-0460,2222,Male,White,44,18,100th,2,4,0,5,0
UF19-0460,3155,Male,White,25,2,121st,2,6,0,5,0
UF19-0461,2239,Male,Hispanic,56,17,101st,2,9,0,4,0
UF19-0461,3070,Male,Hispanic,28,3,119th,2,9,0,4,0
UF19-0462,1952,Male,Hispanic,49,20,96th,2,3,0,4,0
UF19-0462,2097,Male,Hispanic,49,19,98th,2,5,0,4,0
UF19-0463,2582,Female,Hispanic,40,12,108th,4,1,0,4,1
UF19-0463,2643,Female,Black,41,12,109th,4,2,0,3,1
UF19-0463,1952,Male,Hispanic,49,20,96th,4,3,0,4,0
UF19-0463,2097,Male,Hispanic,49,19,98th,4,5,0,4,0
UF19-0466,3210,Male,White,29,1,122nd,3,4,1,5,0
UF19-0466,3205,Male,Hispanic,32,1,122nd,3,20,1,4,0
UF19-0466,3223,Male,Hispanic,36,1,122nd,3,14,1,4,0
UF19-0467,2173,Male,Hispanic,44,18,100th,6,4,.33333334,4,0
UF19-0467,2502,Male,Hispanic,40,13,106th,6,2,.33333334,4,0
UF19-0467,2730,Male,Hispanic,34,11,111th,6,3,.33333334,4,0
UF19-0467,3235,Male,Hispanic,26,1,122nd,6,5,.33333334,4,0
UF19-0467,3237,Male,Hispanic,28,1,122nd,6,6,.33333334,4,0
UF19-0467,2165,Male,Hispanic,41,18,99th,6,4,.33333334,4,0
UF19-0469,2285,Male,Hispanic,45,16,102nd,3,11,0,4,0
UF19-0469,2505,Male,Hispanic,43,13,106th,3,12,0,4,0
UF19-0469,3107,Female,White,28,2,120th,3,3,0,5,1
UF19-0471,2881,Male,Hispanic,31,7,114th,2,8,0,4,0
UF19-0471,3028,Male,White,26,4,118th,2,1,0,5,0
UF19-0473,2774,Male,Hispanic,40,11,111th,2,4,0,4,0
UF19-0473,3131,Female,Hispanic,31,2,121st,2,5,0,4,1
UF19-0475,2809,Male,White,36,10,112th,2,4,0,5,0
UF19-0475,3168,Male,Hispanic,31,1,122nd,2,13,0,4,0
UF19-0476,3122,Male,Hispanic,30,2,121st,3,6,.66666669,4,0
UF19-0476,3124,Male,Hispanic,26,2,121st,3,13,.66666669,4,0
UF19-0476,3232,Male,Hispanic,35,1,122nd,3,11,.66666669,4,0
UF19-0477,2730,Male,Hispanic,34,11,111th,2,3,0,4,0
UF19-0477,2972,Male,Hispanic,40,5,117th,2,3,0,4,0
UF19-0480,3150,Male,Hispanic,28,2,121st,2,11,1,4,0
UF19-0480,3152,Male,Hispanic,28,2,121st,2,15,1,4,0
UF19-0481,2220,Male,White,40,18,100th,3,3,0,5,0
UF19-0481,2696,Male,Hispanic,41,11,110th,3,2,0,4,0
UF19-0481,3205,Male,Hispanic,32,1,122nd,3,20,0,4,0
UF19-0485,2223,Male,Hispanic,48,18,100th,3,2,0,4,0
UF19-0485,3079,Male,Hispanic,32,3,119th,3,2,0,4,0
UF19-0485,1837,Male,Hispanic,50,22,93rd,3,3,0,4,0
UF19-0489,2239,Male,Hispanic,56,17,101st,2,9,0,4,0
UF19-0489,2986,Male,Hispanic,42,5,117th,2,5,0,4,0
UF19-0490,2213,Male,White,58,18,100th,2,1,0,5,0
UF19-0490,1273,Male,Hispanic,58,30,78th,2,1,0,4,0
UF19-0494,2353,Male,Hispanic,58,16,102nd,5,4,0,4,0
UF19-0494,3002,Male,Black,29,4,118th,5,5,0,3,0
UF19-0494,3060,Male,Alaskan Native/Native American,25,3,119th,5,11,0,1,0
UF19-0494,3132,Male,Hispanic,35,2,121st,5,1,0,4,0
UF19-0494,3168,Male,Hispanic,31,1,122nd,5,13,0,4,0
UF19-0496,3053,Male,Hispanic,34,3,119th,2,8,0,4,0
UF19-0496,3225,Male,Hispanic,27,1,122nd,2,6,0,4,0
UF19-0499,2537,Male,White,39,13,107th,3,5,0,5,0
UF19-0499,2967,Male,Hispanic,30,5,117th,3,10,0,4,0
UF19-0499,3288,Male,Hispanic,26,0,123rd,3,3,0,4,0
UF19-0500,3125,Male,Hispanic,29,2,121st,2,5,0,4,0
UF19-0500,1600,Male,Hispanic,50,25,87th,2,11,0,4,0
UF19-0501,2644,Male,Hispanic,43,12,109th,3,9,.66666669,4,0
UF19-0501,3151,Male,Hispanic,31,2,121st,3,9,.66666669,4,0
UF19-0501,3164,Male,Hispanic,28,2,121st,3,13,.66666669,4,0
UF19-0510,2773,Male,Hispanic,33,11,111th,3,6,0,4,0
UF19-0510,2840,Male,White,30,8,113th,3,3,0,5,0
UF19-0510,3126,Male,Hispanic,25,2,121st,3,26,0,4,0
UF19-0511,3082,Male,Hispanic,31,3,119th,2,10,0,4,0
UF19-0511,3131,Female,Hispanic,31,2,121st,2,5,0,4,1
UF19-0512,2616,Male,Hispanic,37,12,109th,2,7,0,4,0
UF19-0512,3094,Male,Hispanic,25,2,120th,2,16,0,4,0
UF19-0513,2995,Male,Hispanic,26,4,118th,4,7,.5,4,0
UF19-0513,3193,Male,Hispanic,41,1,122nd,4,5,.5,4,0
UF19-0513,3240,Female,Hispanic,23,1,122nd,4,4,.5,4,1
UF19-0513,2087,Male,Hispanic,43,19,98th,4,3,.5,4,0
UF19-0514,2935,Male,Hispanic,33,5,116th,2,3,0,4,0
UF19-0514,2974,Male,Hispanic,33,5,117th,2,9,0,4,0
UF19-0515,2935,Male,Hispanic,33,5,116th,6,3,.33333334,4,0
UF19-0515,2974,Male,Hispanic,33,5,117th,6,9,.33333334,4,0
UF19-0515,2995,Male,Hispanic,26,4,118th,6,7,.33333334,4,0
UF19-0515,3034,Male,Hispanic,31,4,118th,6,4,.33333334,4,0
UF19-0515,3073,Male,Hispanic,33,3,119th,6,4,.33333334,4,0
UF19-0515,3114,Male,Hispanic,26,2,120th,6,6,.33333334,4,0
UF19-0518,3099,Male,Hispanic,32,2,120th,2,6,0,4,0
UF19-0518,3221,Male,Hispanic,26,1,122nd,2,6,0,4,0
UF19-0519,2916,Male,Hispanic,34,6,115th,2,1,0,4,0
UF19-0519,3112,Female,Hispanic,29,2,120th,2,3,0,4,1
UF19-0520,2537,Male,White,39,13,107th,2,5,0,5,0
UF19-0520,3198,Male,Hispanic,28,1,122nd,2,6,0,4,0
UF19-0521,1803,Male,Hispanic,46,23,91st,2,5,0,4,0
UF19-0521,2047,Female,Hispanic,50,20,97th,2,8,0,4,1
UF19-0522,2939,Male,White,36,5,116th,5,1,0,5,0
UF19-0522,3104,Male,White,25,2,120th,5,8,0,5,0
UF19-0522,3124,Male,Hispanic,26,2,121st,5,13,0,4,0
UF19-0522,3184,Male,White,26,1,122nd,5,2,0,5,0
UF19-0522,1840,Male,White,47,22,93rd,5,5,0,5,0
UF19-0523,2776,Male,White,42,10,111th,2,2,0,5,0
UF19-0523,2932,Male,White,28,5,116th,2,7,0,5,0
UF19-0524,2569,Male,Hispanic,42,12,108th,2,9,0,4,0
UF19-0524,1916,Male,Hispanic,43,21,95th,2,1,0,4,0
UF19-0526,2617,Male,Hispanic,38,12,109th,5,5,0,4,0
UF19-0526,2942,Male,Hispanic,34,5,116th,5,5,0,4,0
UF19-0526,2977,Male,Hispanic,34,5,117th,5,7,0,4,0
UF19-0526,3113,Female,Hispanic,32,2,120th,5,3,0,4,1
UF19-0526,3138,Male,Hispanic,30,2,121st,5,5,0,4,0
UF19-0528,2660,Male,White,34,12,109th,3,3,0,5,0
UF19-0528,2773,Male,Hispanic,33,11,111th,3,6,0,4,0
UF19-0528,2142,Male,Hispanic,46,19,98th,3,2,0,4,0
UF19-0529,2840,Male,White,30,8,113th,2,3,0,5,0
UF19-0529,3021,Male,Hispanic,33,4,118th,2,6,0,4,0
UF19-0530,3104,Male,White,25,2,120th,2,8,0,5,0
UF19-0530,3124,Male,Hispanic,26,2,121st,2,13,0,4,0
UF19-0532,3053,Male,Hispanic,34,3,119th,3,8,0,4,0
UF19-0532,3171,Female,Hispanic,33,1,122nd,3,2,0,4,1
UF19-0532,2010,Male,Hispanic,43,20,97th,3,2,0,4,0
UF19-0534,2505,Male,Hispanic,43,13,106th,2,12,0,4,0
UF19-0534,3205,Male,Hispanic,32,1,122nd,2,20,0,4,0
UF19-0535,2285,Male,Hispanic,45,16,102nd,3,11,.66666669,4,0
UF19-0535,3223,Male,Hispanic,36,1,122nd,3,14,.66666669,4,0
UF19-0535,3205,Male,Hispanic,32,1,122nd,3,20,.66666669,4,0
UF19-0539,2956,Male,Hispanic,33,5,116th,3,2,0,4,0
UF19-0539,3029,Male,Hispanic,31,4,118th,3,5,0,4,0
UF19-0539,3215,Male,Hispanic,28,1,122nd,3,10,0,4,0
UF19-0540,2921,Male,Hispanic,32,6,115th,2,10,0,4,0
UF19-0540,3205,Male,Hispanic,32,1,122nd,2,20,0,4,0
UF19-0541,2211,Male,Hispanic,42,18,100th,2,4,0,4,0
UF19-0541,2102,Male,Hispanic,49,19,98th,2,2,0,4,0
UF19-0542,2251,Male,Hispanic,43,17,101st,4,3,0,4,0
UF19-0542,2461,Male,White,41,14,105th,4,5,0,5,0
UF19-0542,3194,Male,Hispanic,26,1,122nd,4,3,0,4,0
UF19-0542,2096,Male,Hispanic,55,19,98th,4,2,0,4,0
UF19-0545,3068,Male,Hispanic,39,3,119th,2,9,0,4,0
UF19-0545,3174,Male,Hispanic,26,1,122nd,2,4,0,4,0
UF19-0546,3106,Male,Hispanic,28,2,120th,2,10,1,4,0
UF19-0546,3094,Male,Hispanic,25,2,120th,2,16,1,4,0
UF19-0547,3152,Male,Hispanic,28,2,121st,2,15,1,4,0
UF19-0547,3150,Male,Hispanic,28,2,121st,2,11,1,4,0
UF19-0548,2941,Male,White,36,5,116th,2,5,0,5,0
UF19-0548,3205,Male,Hispanic,32,1,122nd,2,20,0,4,0
UF19-0550,2285,Male,Hispanic,45,16,102nd,4,11,.5,4,0
UF19-0550,2955,Male,Hispanic,28,5,116th,4,4,.5,4,0
UF19-0550,3223,Male,Hispanic,36,1,122nd,4,14,.5,4,0
UF19-0550,3205,Male,Hispanic,32,1,122nd,4,20,.5,4,0
UF19-0552,2569,Male,Hispanic,42,12,108th,2,9,0,4,0
UF19-0552,1421,Male,Hispanic,52,28,81st,2,3,0,4,0
UF19-0553,2944,Male,Hispanic,31,5,116th,2,4,0,4,0
UF19-0553,3087,Male,Hispanic,27,2,120th,2,4,0,4,0
UF19-0555,3215,Male,Hispanic,28,1,122nd,3,10,1,4,0
UF19-0555,3225,Male,Hispanic,27,1,122nd,3,6,1,4,0
UF19-0555,3224,Male,Hispanic,26,1,122nd,3,6,1,4,0
UF19-0558,2738,Male,Hispanic,34,11,111th,3,1,0,4,0
UF19-0558,2977,Male,Hispanic,34,5,117th,3,7,0,4,0
UF19-0558,3092,Male,Hispanic,36,2,120th,3,5,0,4,0
UF19-0563,2173,Male,Hispanic,44,18,100th,2,4,0,4,0
UF19-0563,3120,Female,Hispanic,31,2,121st,2,2,0,4,1
UF19-0567,2995,Male,Hispanic,26,4,118th,3,7,0,4,0
UF19-0567,3054,Male,White,46,3,119th,3,5,0,5,0
UF19-0567,3145,Male,Hispanic,30,2,121st,3,10,0,4,0
UF19-0568,3145,Male,Hispanic,30,2,121st,2,10,0,4,0
UF19-0568,3193,Male,Hispanic,41,1,122nd,2,5,0,4,0
UF19-0570,3041,Male,Hispanic,25,3,119th,3,9,.66666669,4,0
UF19-0570,3123,Male,Hispanic,25,2,121st,3,9,.66666669,4,0
UF19-0570,3151,Male,Hispanic,31,2,121st,3,9,.66666669,4,0
UF19-0574,2650,Male,Hispanic,34,12,109th,2,6,0,4,0
UF19-0574,3196,Male,Hispanic,32,1,122nd,2,11,0,4,0
UF19-0575,3160,Female,Hispanic,24,2,100th,2,8,0,4,1
UF19-0575,2560,Male,Hispanic,37,12,108th,2,3,0,4,0
UF19-0577,2239,Male,Hispanic,56,17,101st,2,9,0,4,0
UF19-0577,1739,Male,Hispanic,48,24,90th,2,1,0,4,0
UF19-0578,3136,Male,Hispanic,30,2,121st,4,6,0,4,0
UF19-0578,1913,Male,Hispanic,55,21,95th,4,1,0,4,0
UF19-0578,2072,Female,Hispanic,44,19,98th,4,4,0,4,1
UF19-0578,2147,Male,Hispanic,45,18,99th,4,6,0,4,0
UF19-0581,2700,Male,Hispanic,38,11,110th,2,1,0,4,0
UF19-0581,3082,Male,Hispanic,31,3,119th,2,10,0,4,0
UF19-0582,3030,Male,Hispanic,26,4,118th,3,16,0,4,0
UF19-0582,3041,Male,Hispanic,25,3,119th,3,9,0,4,0
UF19-0582,3164,Male,Hispanic,28,2,121st,3,13,0,4,0
UF19-0583,2921,Male,Hispanic,32,6,115th,2,10,0,4,0
UF19-0583,3032,Female,Hispanic,40,4,118th,2,6,0,4,1
UF19-0584,3158,Female,Hispanic,23,2,121st,2,6,0,4,1
UF19-0584,3225,Male,Hispanic,27,1,122nd,2,6,0,4,0
UF19-0585,2934,Male,Hispanic,27,5,116th,3,2,.66666669,4,0
UF19-0585,3102,Male,Hispanic,28,2,120th,3,14,.66666669,4,0
UF19-0585,3094,Male,Hispanic,25,2,120th,3,16,.66666669,4,0
UF19-0591,2269,Male,White,47,17,101st,3,1,0,5,0
UF19-0591,2370,Male,White,43,15,103rd,3,2,0,5,0
UF19-0591,2779,Male,White,41,11,111th,3,4,0,5,0
UF19-0592,2944,Male,Hispanic,31,5,116th,2,4,0,4,0
UF19-0592,3121,Male,Hispanic,29,2,121st,2,8,0,4,0
UF19-0593,3152,Male,Hispanic,28,2,121st,2,15,0,4,0
UF19-0593,3200,Male,White,27,1,122nd,2,11,0,5,0
UF19-0594,2365,Male,Hispanic,51,16,103rd,3,1,0,4,0
UF19-0594,2468,Male,Hispanic,38,14,105th,3,1,0,4,0
UF19-0594,2592,Male,Hispanic,37,13,108th,3,2,0,4,0
UF19-0597,2921,Male,Hispanic,32,6,115th,2,10,0,4,0
UF19-0597,3200,Male,White,27,1,122nd,2,11,0,5,0
UF19-0598,2910,Male,White,31,6,115th,3,9,0,5,0
UF19-0598,3121,Male,Hispanic,29,2,121st,3,8,0,4,0
UF19-0598,3181,Male,Hispanic,25,1,122nd,3,7,0,4,0
UF19-0603,3099,Male,Hispanic,32,2,120th,3,6,0,4,0
UF19-0603,3128,Female,Hispanic,29,2,121st,3,4,0,4,1
UF19-0603,3240,Female,Hispanic,24,1,122nd,3,4,0,4,1
UF19-0604,3025,Male,Hispanic,28,4,118th,3,11,0,4,0
UF19-0604,3164,Male,Hispanic,28,2,121st,3,13,0,4,0
UF19-0604,2100,Male,Hispanic,45,19,98th,3,2,0,4,0
UF19-0605,3219,Male,White,38,1,122nd,2,8,0,5,0
UF19-0605,2047,Female,Hispanic,50,20,97th,2,8,0,4,1
UF19-0607,3136,Male,Hispanic,30,2,121st,3,6,0,4,0
UF19-0607,2072,Female,Hispanic,44,19,98th,3,4,0,4,1
UF19-0607,2147,Male,Hispanic,45,18,99th,3,6,0,4,0
UF19-0608,2353,Male,Hispanic,58,17,102nd,3,4,.66666669,4,0
UF19-0608,3238,Male,Hispanic,22,1,122nd,3,8,.66666669,4,0
UF19-0608,3225,Male,Hispanic,27,1,122nd,3,6,.66666669,4,0
UF19-0609,2772,Male,White,32,11,111th,2,4,0,5,0
UF19-0609,3003,Male,Hispanic,29,4,118th,2,3,0,4,0
UF19-0611,2644,Male,Hispanic,43,12,109th,3,9,0,4,0
UF19-0611,3025,Male,Hispanic,28,4,118th,3,11,0,4,0
UF19-0611,3118,Male,White,36,2,120th,3,7,0,5,0
UF19-0613,3104,Male,White,25,2,120th,2,8,0,5,0
UF19-0613,3232,Male,Hispanic,36,1,122nd,2,11,0,4,0
UF19-0614,3150,Male,Hispanic,28,2,121st,2,11,1,4,0
UF19-0614,3152,Male,Hispanic,28,2,121st,2,15,1,4,0
UF19-0615,2890,Male,Hispanic,29,6,115th,2,6,0,4,0
UF19-0615,2994,Male,Hispanic,40,4,118th,2,4,0,4,0
UF19-0616,2285,Male,Hispanic,45,17,102nd,2,11,0,4,0
UF19-0616,2505,Male,Hispanic,43,13,106th,2,12,0,4,0
UF19-0621,2995,Male,Hispanic,27,4,118th,4,7,0,4,0
UF19-0621,3114,Male,Hispanic,26,2,120th,4,6,0,4,0
UF19-0621,3145,Male,Hispanic,30,2,121st,4,10,0,4,0
UF19-0621,3240,Female,Hispanic,24,1,122nd,4,4,0,4,1
UF19-0624,2954,Male,Hispanic,34,5,116th,3,3,0,4,0
UF19-0624,2997,Male,Hispanic,30,4,118th,3,2,0,4,0
UF19-0624,1600,Male,Hispanic,50,25,87th,3,11,0,4,0
UF19-0625,2709,Male,Hispanic,48,11,110th,3,1,0,4,0
UF19-0625,3085,Female,Hispanic,39,3,119th,3,1,0,4,1
UF19-0625,3141,Female,Asian/Pacific Islander,28,2,121st,3,2,0,2,1
UF19-0626,3120,Female,Hispanic,32,2,121st,5,2,.60000002,4,1
UF19-0626,3149,Male,Hispanic,32,2,121st,5,4,.60000002,4,0
UF19-0626,3159,Male,Hispanic,31,2,121st,5,2,.60000002,4,0
UF19-0626,1886,Male,White,57,22,94th,5,2,.60000002,5,0
UF19-0626,2153,Male,Hispanic,41,19,99th,5,1,.60000002,4,0
UF19-0627,2211,Male,Hispanic,42,18,100th,2,4,0,4,0
UF19-0627,2804,Male,Hispanic,52,10,112th,2,5,0,4,0
UF19-0629,2296,Male,Hispanic,62,17,102nd,2,3,0,4,0
UF19-0629,3230,Male,Hispanic,24,1,122nd,2,12,0,4,0
UF19-0630,3230,Male,Hispanic,24,1,122nd,2,12,1,4,0
UF19-0630,3215,Male,Hispanic,28,1,122nd,2,10,1,4,0
UF19-0631,2962,Male,White,36,5,116th,6,8,.66666669,5,0
UF19-0631,3106,Male,Hispanic,28,2,120th,6,10,.66666669,4,0
UF19-0631,3094,Male,Hispanic,25,2,120th,6,16,.66666669,4,0
UF19-0631,3139,Male,Hispanic,24,2,121st,6,4,.66666669,4,0
UF19-0631,3187,Male,Hispanic,26,1,122nd,6,6,.66666669,4,0
UF19-0631,3230,Male,Hispanic,24,1,122nd,6,12,.66666669,4,0
UF19-0634,2974,Male,Hispanic,33,5,117th,3,9,0,4,0
UF19-0634,3145,Male,Hispanic,31,2,121st,3,10,0,4,0
UF19-0634,2047,Female,Hispanic,50,20,97th,3,8,0,4,1
UF19-0635,2567,Male,White,40,12,108th,3,2,0,5,0
UF19-0635,3095,Male,Hispanic,39,2,120th,3,7,0,4,0
UF19-0635,2028,Male,Hispanic,59,20,97th,3,2,0,4,0
UF19-0637,2854,Male,White,35,8,113th,4,1,0,5,0
UF19-0637,2934,Male,Hispanic,27,5,116th,4,2,0,4,0
UF19-0637,3074,Male,Hispanic,25,3,119th,4,8,0,4,0
UF19-0637,3112,Female,Hispanic,29,2,120th,4,3,0,4,1
UF19-0638,3053,Male,Hispanic,34,3,119th,2,8,0,4,0
UF19-0638,3088,Male,White,33,2,120th,2,4,0,5,0
UF19-0639,2893,Male,Hispanic,34,6,115th,3,2,0,4,0
UF19-0639,2957,Female,Hispanic,28,5,116th,3,2,0,4,1
UF19-0639,1690,Male,Hispanic,52,25,89th,3,1,0,4,0
UF19-0645,2644,Male,Hispanic,43,12,109th,3,9,0,4,0
UF19-0645,3119,Male,White,25,2,120th,3,7,0,5,0
UF19-0645,3164,Male,Hispanic,28,2,121st,3,13,0,4,0
UF19-0646,3102,Male,Hispanic,28,2,120th,3,14,0,4,0
UF19-0646,3216,Male,Hispanic,32,1,122nd,3,5,0,4,0
UF19-0646,3243,Male,White,48,1,123rd,3,3,0,5,0
UF19-0647,2972,Male,Hispanic,41,5,117th,3,3,0,4,0
UF19-0647,3082,Male,Hispanic,31,3,119th,3,10,0,4,0
UF19-0647,3144,Male,Hispanic,26,2,121st,3,7,0,4,0
UF19-0649,3118,Male,White,36,2,120th,2,7,0,5,0
UF19-0649,3309,Male,Hispanic,26,0,124th,2,1,0,4,0
UF19-0650,2928,Male,White,28,5,116th,4,15,0,5,0
UF19-0650,2978,Male,Hispanic,29,5,117th,4,16,0,4,0
UF19-0650,3021,Male,Hispanic,33,4,118th,4,6,0,4,0
UF19-0650,3042,Male,Hispanic,36,3,119th,4,13,0,4,0
UF19-0651,3048,Female,Hispanic,34,3,119th,4,12,.5,4,1
UF19-0651,3246,Male,Hispanic,23,0,123rd,4,6,.5,4,0
UF19-0651,3346,Female,Hispanic,24,0,124th,4,1,.5,4,1
UF19-0651,3354,Male,Hispanic,23,0,124th,4,1,.5,4,0
UF19-0653,2971,Male,Hispanic,42,5,117th,2,6,0,4,0
UF19-0653,3100,Female,Hispanic,35,2,120th,2,3,0,4,1
UF19-0655,2928,Male,White,28,5,116th,2,15,0,5,0
UF19-0655,3276,Female,Hispanic,28,1,123rd,2,2,0,4,1
UF19-0656,2836,Male,White,30,8,113th,3,1,0,5,0
UF19-0656,2928,Male,White,28,5,116th,3,15,0,5,0
UF19-0656,2978,Male,Hispanic,29,5,117th,3,16,0,4,0
UF19-0657,2773,Male,Hispanic,33,11,111th,4,6,0,4,0
UF19-0657,3042,Male,Hispanic,36,3,119th,4,13,0,4,0
UF19-0657,3103,Male,Hispanic,34,2,120th,4,4,0,4,0
UF19-0657,3130,Female,White,29,2,121st,4,4,0,5,1
UF19-0658,2285,Male,Hispanic,45,17,102nd,7,11,.2857143,4,0
UF19-0658,2941,Male,White,36,5,116th,7,5,.2857143,5,0
UF19-0658,3093,Male,Hispanic,27,2,120th,7,5,.2857143,4,0
UF19-0658,3135,Female,White,26,2,121st,7,7,.2857143,5,1
UF19-0658,3205,Male,Hispanic,32,1,122nd,7,20,.2857143,4,0
UF19-0658,3283,Male,Hispanic,27,1,123rd,7,2,.2857143,4,0
UF19-0658,3249,Male,Hispanic,24,1,123rd,7,4,.2857143,4,0
UF19-0659,2252,Male,Hispanic,51,18,101st,7,2,0,4,0
UF19-0659,2306,Male,Hispanic,39,17,102nd,7,3,0,4,0
UF19-0659,2643,Female,Black,41,12,109th,7,2,0,3,1
UF19-0659,3129,Female,White,25,2,121st,7,14,0,5,1
UF19-0659,1952,Male,Hispanic,49,21,96th,7,3,0,4,0
UF19-0659,2097,Male,Hispanic,49,19,98th,7,5,0,4,0
UF19-0659,2675,Female,Hispanic,43,12,L-7,7,2,0,4,1
UF19-0662,2483,Male,White,53,13,106th,4,1,0,5,0
UF19-0662,3030,Male,Hispanic,26,4,118th,4,16,0,4,0
UF19-0662,3091,Female,White,29,2,120th,4,4,0,5,1
UF19-0662,3232,Male,Hispanic,36,1,122nd,4,11,0,4,0
UF19-0664,3144,Male,Hispanic,26,2,121st,2,7,0,4,0
UF19-0664,3237,Male,Hispanic,28,1,122nd,2,6,0,4,0
UF19-0667,2670,Male,White,37,12,109th,3,19,0,5,0
UF19-0667,2792,Male,White,49,10,112th,3,1,0,5,0
UF19-0667,3164,Male,Hispanic,28,2,121st,3,13,0,4,0
UF19-0668,2498,Male,Hispanic,38,13,106th,5,1,0,4,0
UF19-0668,2522,Male,Hispanic,36,13,107th,5,4,0,4,0
UF19-0668,2688,Male,White,38,11,110th,5,1,0,5,0
UF19-0668,1965,Male,Hispanic,48,21,96th,5,2,0,4,0
UF19-0668,2039,Male,Hispanic,45,20,97th,5,3,0,4,0
UF19-0670,2232,Male,Hispanic,60,18,101st,6,1,.33333334,4,0
UF19-0670,2691,Male,White,37,11,110th,6,6,.33333334,5,0
UF19-0670,3051,Male,Hispanic,26,3,119th,6,6,.33333334,4,0
UF19-0670,3191,Male,Hispanic,28,1,122nd,6,6,.33333334,4,0
UF19-0670,3221,Male,Hispanic,26,1,122nd,6,6,.33333334,4,0
UF19-0670,2073,Male,Hispanic,44,19,98th,6,1,.33333334,4,0
UF19-0672,2839,Male,Hispanic,39,8,113th,2,2,0,4,0
UF19-0672,3177,Male,Hispanic,29,1,122nd,2,4,0,4,0
UF19-0673,2767,Male,Hispanic,53,11,111th,2,3,0,4,0
UF19-0673,1505,Male,Hispanic,50,26,84th,2,3,0,4,0
UF19-0674,2505,Male,Hispanic,43,14,106th,2,12,0,4,0
UF19-0674,3210,Male,White,29,1,122nd,2,4,0,5,0
UF19-0676,3048,Female,Hispanic,34,3,119th,3,12,0,4,1
UF19-0676,3108,Male,White,33,2,120th,3,2,0,5,0
UF19-0676,3155,Male,White,25,2,121st,3,6,0,5,0
UF19-0677,2937,Male,Hispanic,35,5,116th,4,1,.5,4,0
UF19-0677,3056,Male,Hispanic,28,3,119th,4,3,.5,4,0
UF19-0677,3217,Male,Hispanic,38,1,122nd,4,5,.5,4,0
UF19-0677,3216,Male,Hispanic,32,1,122nd,4,5,.5,4,0
UF19-0678,3216,Male,Hispanic,32,1,122nd,2,5,1,4,0
UF19-0678,3217,Male,Hispanic,38,1,122nd,2,5,1,4,0
UF19-0679,2243,Male,Hispanic,60,18,101st,2,2,0,4,0
UF19-0679,3125,Male,Hispanic,29,2,121st,2,5,0,4,0
UF19-0682,3021,Male,Hispanic,33,4,118th,2,6,1,4,0
UF19-0682,3001,Male,Hispanic,33,4,118th,2,3,1,4,0
UF19-0683,2977,Male,Hispanic,34,5,117th,3,7,0,4,0
UF19-0683,3092,Male,Hispanic,36,2,120th,3,5,0,4,0
UF19-0683,3225,Male,Hispanic,27,1,122nd,3,6,0,4,0
UF19-0685,3048,Female,Hispanic,34,3,119th,3,12,0,4,1
UF19-0685,3155,Male,White,26,2,121st,3,6,0,5,0
UF19-0685,3201,Male,White,26,1,122nd,3,3,0,5,0
UF19-0687,3169,Male,Hispanic,27,1,122nd,3,4,.66666669,4,0
UF19-0687,3181,Male,Hispanic,25,1,122nd,3,7,.66666669,4,0
UF19-0687,3249,Male,Hispanic,24,1,123rd,3,4,.66666669,4,0
UF19-0690,3104,Male,White,25,2,120th,2,8,0,5,0
UF19-0690,3232,Male,Hispanic,36,1,122nd,2,11,0,4,0
UF19-0691,3152,Male,Hispanic,28,2,121st,2,15,1,4,0
UF19-0691,3150,Male,Hispanic,28,2,121st,2,11,1,4,0
UF19-0692,3238,Male,Hispanic,22,1,122nd,2,8,0,4,0
UF19-0692,3286,Female,White,37,1,123rd,2,6,0,5,1
UF19-0694,2496,Male,Hispanic,36,14,106th,3,1,0,4,0
UF19-0694,2869,Male,White,31,7,114th,3,2,0,5,0
UF19-0694,1991,Male,Hispanic,45,20,97th,3,1,0,4,0
UF19-0695,2881,Male,Hispanic,31,7,114th,4,8,.5,4,0
UF19-0695,3166,Male,Hispanic,26,2,121st,4,5,.5,4,0
UF19-0695,3185,Male,Black,26,1,122nd,4,7,.5,3,0
UF19-0695,3187,Male,Hispanic,27,1,122nd,4,6,.5,4,0
UF19-0697,3030,Male,Hispanic,26,4,118th,2,16,0,4,0
UF19-0697,3156,Male,Hispanic,24,2,121st,2,8,0,4,0
UF19-0698,2423,Male,Hispanic,41,14,104th,3,5,0,4,0
UF19-0698,2962,Male,White,35,5,116th,3,8,0,5,0
UF19-0698,3235,Male,Hispanic,26,1,122nd,3,5,0,4,0
UF19-0699,3014,Male,White,28,4,118th,5,6,.60000002,5,0
UF19-0699,3058,Male,Black,30,3,119th,5,2,.60000002,3,0
UF19-0699,3188,Male,Hispanic,29,1,122nd,5,6,.60000002,4,0
UF19-0699,3186,Female,Hispanic,24,1,122nd,5,3,.60000002,4,1
UF19-0699,3191,Male,Hispanic,28,1,122nd,5,6,.60000002,4,0
UF19-0702,2403,Male,Hispanic,45,15,104th,2,8,0,4,0
UF19-0702,3246,Male,Hispanic,23,1,123rd,2,6,0,4,0
UF19-0703,2767,Male,Hispanic,53,11,111th,2,3,0,4,0
UF19-0703,3262,Male,Hispanic,23,1,123rd,2,7,0,4,0
UF19-0705,2670,Male,White,37,12,109th,2,19,0,5,0
UF19-0705,3025,Male,Hispanic,28,4,118th,2,11,0,4,0
UF19-0706,3092,Male,Hispanic,36,2,120th,2,5,0,4,0
UF19-0706,3261,Male,Hispanic,22,1,123rd,2,1,0,4,0
UF19-0708,3114,Male,Hispanic,26,2,120th,3,6,0,4,0
UF19-0708,3145,Male,Hispanic,31,2,121st,3,10,0,4,0
UF19-0708,3220,Male,White,28,1,122nd,3,2,0,5,0
UF19-0709,2977,Male,Hispanic,34,5,117th,2,7,0,4,0
UF19-0709,3274,Male,Hispanic,25,1,123rd,2,2,0,4,0
UF19-0711,2969,Male,Hispanic,30,5,117th,2,5,0,4,0
UF19-0711,3147,Female,Hispanic,41,2,121st,2,3,0,4,1
UF19-0715,2306,Male,Hispanic,39,17,102nd,2,3,0,4,0
UF19-0715,3155,Male,White,25,2,121st,2,6,0,5,0
UF19-0716,2216,Male,Hispanic,47,18,100th,2,4,0,4,0
UF19-0716,3258,Male,Hispanic,25,1,123rd,2,2,0,4,0
UF19-0717,2890,Male,Hispanic,29,6,115th,2,6,0,4,0
UF19-0717,2994,Male,Hispanic,40,4,118th,2,4,0,4,0
UF19-0719,2296,Male,Hispanic,62,17,102nd,2,3,0,4,0
UF19-0719,2718,Male,Hispanic,34,11,111th,2,2,0,4,0
UF19-0720,2932,Male,White,28,5,116th,4,7,0,5,0
UF19-0720,3359,Male,Hispanic,35,0,124th,4,3,0,4,0
UF19-0720,2044,Female,Hispanic,59,20,97th,4,4,0,4,1
UF19-0720,2147,Male,Hispanic,45,19,99th,4,6,0,4,0
UF19-0722,2254,Male,Hispanic,52,18,101st,4,3,0,4,0
UF19-0722,2932,Male,White,28,5,116th,4,7,0,5,0
UF19-0722,3136,Male,Hispanic,30,2,121st,4,6,0,4,0
UF19-0722,2044,Female,Hispanic,59,20,97th,4,4,0,4,1
UF19-0724,2955,Male,Hispanic,29,6,116th,2,4,0,4,0
UF19-0724,3181,Male,Hispanic,25,1,122nd,2,7,0,4,0
UF19-0725,2251,Male,Hispanic,43,18,101st,6,3,0,4,0
UF19-0725,2300,Male,Hispanic,46,17,102nd,6,3,0,4,0
UF19-0725,2508,Male,Hispanic,38,14,106th,6,3,0,4,0
UF19-0725,2686,Male,Hispanic,38,11,110th,6,4,0,4,0
UF19-0725,2798,Male,White,39,10,112th,6,1,0,5,0
UF19-0725,3097,Male,White,30,2,120th,6,8,0,5,0
UF19-0727,2216,Male,Hispanic,47,18,100th,5,4,.40000001,4,0
UF19-0727,2353,Male,Hispanic,58,17,102nd,5,4,.40000001,4,0
UF19-0727,3110,Male,Hispanic,28,2,120th,5,5,.40000001,4,0
UF19-0727,3286,Female,White,37,1,123rd,5,6,.40000001,5,1
UF19-0727,3258,Male,Hispanic,25,1,123rd,5,2,.40000001,4,0
UF19-0728,2223,Male,Hispanic,48,18,100th,2,2,0,4,0
UF19-0728,3254,Male,Hispanic,22,1,123rd,2,1,0,4,0
UF19-0730,2921,Male,Hispanic,33,6,115th,2,10,0,4,0
UF19-0730,3032,Female,Hispanic,40,4,118th,2,6,0,4,1
UF19-0732,2505,Male,Hispanic,43,13,106th,3,12,0,4,0
UF19-0732,2569,Male,Hispanic,42,13,108th,3,9,0,4,0
UF19-0732,3063,Male,Hispanic,32,3,119th,3,12,0,4,0
UF19-0733,2921,Male,Hispanic,33,6,115th,2,10,0,4,0
UF19-0733,3011,Female,Hispanic,32,4,118th,2,2,0,4,1
UF19-0734,3062,Female,Hispanic,27,3,119th,2,3,0,4,1
UF19-0734,3155,Male,White,25,2,121st,2,6,0,5,0
UF19-0735,2616,Male,Hispanic,37,12,109th,3,7,0,4,0
UF19-0735,3106,Male,Hispanic,28,2,120th,3,10,0,4,0
UF19-0735,3202,Female,Hispanic,23,1,122nd,3,2,0,4,1
UF19-0736,3168,Male,Hispanic,31,1,122nd,2,13,1,4,0
UF19-0736,3173,Male,Hispanic,30,1,122nd,2,7,1,4,0
UF19-0737,2561,Male,Hispanic,36,13,108th,6,1,0,4,0
UF19-0737,2646,Male,Hispanic,42,12,109th,6,1,0,4,0
UF19-0737,3010,Male,Hispanic,32,4,118th,6,2,0,4,0
UF19-0737,3076,Male,Hispanic,30,3,119th,6,8,0,4,0
UF19-0737,3142,Female,Hispanic,29,2,121st,6,1,0,4,1
UF19-0737,3205,Male,Hispanic,32,1,122nd,6,20,0,4,0
UF19-0740,3170,Male,Hispanic,34,1,122nd,2,2,1,4,0
UF19-0740,3192,Male,Hispanic,25,1,122nd,2,2,1,4,0
UF19-0741,2928,Male,White,28,5,116th,2,15,0,5,0
UF19-0741,2978,Male,Hispanic,29,5,117th,2,16,0,4,0
UF19-0742,3104,Male,White,25,2,120th,4,8,.5,5,0
UF19-0742,3124,Male,Hispanic,26,2,121st,4,13,.5,4,0
UF19-0742,3232,Male,Hispanic,36,1,122nd,4,11,.5,4,0
UF19-0742,3236,Female,Hispanic,30,1,122nd,4,5,.5,4,1
UF19-0743,2670,Male,White,37,12,109th,2,19,0,5,0
UF19-0743,3030,Male,Hispanic,26,4,118th,2,16,0,4,0
UF19-0744,3041,Male,Hispanic,25,3,119th,4,9,0,4,0
UF19-0744,3097,Male,White,30,2,120th,4,8,0,5,0
UF19-0744,3251,Female,Hispanic,35,1,123rd,4,1,0,4,1
UF19-0744,2044,Female,Hispanic,59,20,97th,4,4,0,4,1
UF19-0745,3097,Male,White,30,2,120th,2,8,0,5,0
UF19-0745,2096,Male,Hispanic,56,19,98th,2,2,0,4,0
UF19-0750,2974,Male,Hispanic,33,5,117th,2,9,0,4,0
UF19-0750,3231,Male,White,31,1,122nd,2,1,0,5,0
UF19-0751,2974,Male,Hispanic,33,5,117th,2,9,0,4,0
UF19-0751,3022,Male,Hispanic,41,4,118th,2,3,0,4,0
UF19-0752,2769,Male,Hispanic,37,11,111th,2,1,0,4,0
UF19-0752,3005,Male,White,33,4,118th,2,1,0,5,0
UF19-0753,3239,Male,Hispanic,31,1,122nd,3,4,0,4,0
UF19-0753,3285,Female,Hispanic,37,1,123rd,3,2,0,4,1
UF19-0753,2151,Male,Hispanic,41,19,99th,3,1,0,4,0
UF19-0754,3110,Male,Hispanic,28,2,120th,3,5,0,4,0
UF19-0754,3144,Male,Hispanic,26,2,121st,3,7,0,4,0
UF19-0754,3237,Male,Hispanic,28,1,122nd,3,6,0,4,0
UF19-0756,3025,Male,Hispanic,27,4,118th,2,11,0,4,0
UF19-0756,3127,Female,Hispanic,35,2,121st,2,4,0,4,1
UF19-0760,2870,Male,Hispanic,29,7,114th,3,4,0,4,0
UF19-0760,2910,Male,White,31,6,115th,3,9,0,5,0
UF19-0760,3066,Female,Hispanic,35,3,119th,3,2,0,4,1
UF19-0763,2616,Male,Hispanic,37,12,109th,2,7,0,4,0
UF19-0763,3148,Female,Hispanic,35,2,121st,2,3,0,4,1
UF19-0766,2616,Male,Hispanic,37,12,109th,4,7,.5,4,0
UF19-0766,3110,Male,Hispanic,28,2,120th,4,5,.5,4,0
UF19-0766,3237,Male,Hispanic,28,1,122nd,4,6,.5,4,0
UF19-0766,3202,Female,Hispanic,23,1,122nd,4,2,.5,4,1
UF19-0767,3250,Male,Hispanic,25,1,123rd,2,1,1,4,0
UF19-0767,3287,Male,Hispanic,24,1,123rd,2,2,1,4,0
UF19-0771,3138,Male,Hispanic,31,2,121st,2,5,0,4,0
UF19-0771,3274,Male,Hispanic,25,1,123rd,2,2,0,4,0
UF19-0772,2774,Male,Hispanic,40,11,111th,8,4,.625,4,0
UF19-0772,3143,Female,White,33,2,121st,8,2,.625,5,1
UF19-0772,3131,Female,Hispanic,31,2,121st,8,5,.625,4,1
UF19-0772,3168,Male,Hispanic,31,1,122nd,8,13,.625,4,0
UF19-0772,3229,Male,Hispanic,25,1,122nd,8,3,.625,4,0
UF19-0772,3237,Male,Hispanic,28,1,122nd,8,6,.625,4,0
UF19-0772,3286,Female,White,37,1,123rd,8,6,.625,5,1
UF19-0772,3384,Male,Hispanic,30,0,125th,8,1,.625,4,0
UF19-0773,1423,Male,White,53,29,81st,3,1,0,5,0
UF19-0773,2047,Female,Hispanic,50,20,97th,3,8,0,4,1
UF19-0773,2087,Male,Hispanic,43,19,98th,3,3,0,4,0
UF19-0774,2775,Male,Hispanic,40,11,111th,4,5,0,4,0
UF19-0774,3060,Male,Alaskan Native/Native American,25,3,119th,4,11,0,1,0
UF19-0774,3214,Male,Hispanic,30,1,122nd,4,3,0,4,0
UF19-0774,2132,Male,Hispanic,42,19,98th,4,1,0,4,0
UF19-0775,2180,Male,Hispanic,42,18,100th,2,2,0,4,0
UF19-0775,1571,Male,Hispanic,49,26,86th,2,2,0,4,0
UF19-0779,2234,Female,Hispanic,44,18,101st,4,1,0,4,1
UF19-0779,2423,Male,Hispanic,42,15,104th,4,5,0,4,0
UF19-0779,2882,Male,Hispanic,35,7,114th,4,6,0,4,0
UF19-0779,3173,Male,Hispanic,30,1,122nd,4,7,0,4,0
UF19-0782,2616,Male,Hispanic,37,12,109th,3,7,0,4,0
UF19-0782,2962,Male,White,36,6,116th,3,8,0,5,0
UF19-0782,3080,Female,Hispanic,34,3,119th,3,3,0,4,1
UF19-0784,2858,Male,Hispanic,35,7,114th,2,1,1,4,0
UF19-0784,2864,Female,Hispanic,34,7,114th,2,1,1,4,1
UF19-0785,3062,Female,Hispanic,27,3,119th,2,3,0,4,1
UF19-0785,3155,Male,White,26,2,121st,2,6,0,5,0
UF19-0786,2845,Male,Hispanic,30,8,113th,2,3,0,4,0
UF19-0786,3148,Female,Hispanic,35,2,121st,2,3,0,4,1
UF19-0787,3014,Male,White,28,4,118th,4,6,0,5,0
UF19-0787,3285,Female,Hispanic,37,1,123rd,4,2,0,4,1
UF19-0787,3421,Male,Hispanic,26,0,125th,4,1,0,4,0
UF19-0787,2018,Male,Hispanic,51,20,97th,4,1,0,4,0
UF19-0789,3242,Female,Hispanic,25,1,123rd,2,1,1,4,1
UF19-0789,3262,Male,Hispanic,24,1,123rd,2,7,1,4,0
UF19-0790,3106,Male,Hispanic,28,2,120th,3,10,.66666669,4,0
UF19-0790,3187,Male,Hispanic,27,1,122nd,3,6,.66666669,4,0
UF19-0790,3185,Male,Black,26,1,122nd,3,7,.66666669,3,0
UF19-0795,3126,Male,Hispanic,25,2,121st,3,26,1,4,0
UF19-0795,3152,Male,Hispanic,28,2,121st,3,15,1,4,0
UF19-0795,3150,Male,Hispanic,28,2,121st,3,11,1,4,0
UF19-0796,2311,Male,Hispanic,43,17,102nd,2,1,0,4,0
UF19-0796,3129,Female,White,25,2,121st,2,14,0,5,1
UF19-0797,2617,Male,Hispanic,38,12,109th,4,5,0,4,0
UF19-0797,3042,Male,Hispanic,36,3,119th,4,13,0,4,0
UF19-0797,3177,Male,Hispanic,29,1,122nd,4,4,0,4,0
UF19-0797,3262,Male,Hispanic,24,1,123rd,4,7,0,4,0
UF19-0800,3062,Female,Hispanic,27,3,119th,2,3,0,4,1
UF19-0800,3283,Male,Hispanic,27,1,123rd,2,2,0,4,0
UF19-0802,2714,Male,White,42,12,10-Lateral,2,3,0,5,0
UF19-0802,3280,Male,Black,27,1,123rd,2,2,0,3,0
UF19-0803,2997,Male,Hispanic,30,4,118th,2,2,0,4,0
UF19-0803,3125,Male,Hispanic,29,2,121st,2,5,0,4,0
UF19-0804,3244,Female,Hispanic,27,1,123rd,2,1,1,4,1
UF19-0804,3275,Female,White,25,1,123rd,2,4,1,5,1
UF19-0805,3223,Male,Hispanic,37,1,122nd,2,14,1,4,0
UF19-0805,3205,Male,Hispanic,32,1,122nd,2,20,1,4,0
UF19-0807,3063,Male,Hispanic,32,3,119th,3,12,.66666669,4,0
UF19-0807,3129,Female,White,25,2,121st,3,14,.66666669,5,1
UF19-0807,3152,Male,Hispanic,28,2,121st,3,15,.66666669,4,0
UF19-0812,2535,Male,White,35,13,107th,3,4,0,5,0
UF19-0812,3051,Male,Hispanic,26,3,119th,3,6,0,4,0
UF19-0812,2047,Female,Hispanic,50,20,97th,3,8,0,4,1
UF19-0813,3266,Female,Hispanic,25,1,123rd,2,2,0,4,1
UF19-0813,2681,Male,Hispanic,47,12,8th Lateral Class,2,3,0,4,0
UF19-0814,3053,Male,Hispanic,34,3,119th,3,8,.66666669,4,0
UF19-0814,3262,Male,Hispanic,24,1,123rd,3,7,.66666669,4,0
UF19-0814,3287,Male,Hispanic,24,1,123rd,3,2,.66666669,4,0
UF19-0816,2882,Male,Hispanic,35,7,114th,4,6,0,4,0
UF19-0816,2943,Male,Hispanic,35,6,116th,4,4,0,4,0
UF19-0816,3102,Male,Hispanic,28,2,120th,4,14,0,4,0
UF19-0816,3238,Male,Hispanic,22,1,122nd,4,8,0,4,0
UF19-0818,1584,Male,Hispanic,52,26,86th,3,1,0,4,0
UF19-0818,1837,Male,Hispanic,50,22,93rd,3,3,0,4,0
UF19-0818,2070,Male,Hispanic,44,19,98th,3,2,0,4,0
UF19-0820,3030,Male,Hispanic,26,4,118th,2,16,0,4,0
UF19-0820,3124,Male,Hispanic,26,2,121st,2,13,0,4,0
UF19-0821,2890,Male,Hispanic,29,6,115th,2,6,0,4,0
UF19-0821,2994,Male,Hispanic,40,4,118th,2,4,0,4,0
UF19-0824,2415,Male,Hispanic,39,15,104th,2,1,0,4,0
UF19-0824,3010,Male,Hispanic,32,4,118th,2,2,0,4,0
UF19-0826,2670,Male,White,37,12,109th,2,19,0,5,0
UF19-0826,3288,Male,Hispanic,26,1,123rd,2,3,0,4,0
UF19-0827,2250,Male,Hispanic,57,18,101st,2,2,0,4,0
UF19-0827,1474,Male,Hispanic,56,27,83rd,2,1,0,4,0
UF19-0828,3060,Male,Alaskan Native/Native American,25,3,119th,4,11,.5,1,0
UF19-0828,3307,Male,White,24,0,124th,4,1,.5,5,0
UF19-0828,3408,Male,Hispanic,42,0,125th,4,1,.5,4,0
UF19-0828,3373,Male,Hispanic,24,0,125th,4,1,.5,4,0
UF19-0829,2671,Male,Hispanic,42,12,109th,4,11,.5,4,0
UF19-0829,3166,Male,Hispanic,27,2,121st,4,5,.5,4,0
UF19-0829,3223,Male,Hispanic,37,1,122nd,4,14,.5,4,0
UF19-0829,3205,Male,Hispanic,32,1,122nd,4,20,.5,4,0
UF19-0831,3008,Male,Hispanic,31,1,118th,2,2,0,4,0
UF19-0831,3205,Male,Hispanic,32,1,122nd,2,20,0,4,0
UF19-0832,2660,Male,White,34,12,109th,3,3,.66666669,5,0
UF19-0832,3223,Male,Hispanic,37,1,122nd,3,14,.66666669,4,0
UF19-0832,3205,Male,Hispanic,32,1,122nd,3,20,.66666669,4,0
UF19-0833,3133,Male,Hispanic,40,2,121st,2,5,0,4,0
UF19-0833,3246,Male,Hispanic,23,1,123rd,2,6,0,4,0
UF19-0836,2740,Female,Hispanic,36,11,111th,2,1,0,4,1
UF19-0836,2007,Male,Hispanic,55,20,97th,2,1,0,4,0
UF19-0839,3036,Female,White,34,4,118th,3,2,0,5,1
UF19-0839,3214,Male,Hispanic,30,1,122nd,3,3,0,4,0
UF19-0839,1886,Male,White,58,22,94th,3,2,0,5,0
UF19-0841,2750,Male,Hispanic,37,11,111th,2,2,0,4,0
UF19-0841,3125,Male,Hispanic,29,2,121st,2,5,0,4,0
UF19-0842,3193,Male,Hispanic,42,1,122nd,2,5,0,4,0
UF19-0842,3276,Female,Hispanic,28,1,123rd,2,2,0,4,1
UF19-0843,2845,Male,Hispanic,30,8,113th,3,3,0,4,0
UF19-0843,3087,Male,Hispanic,27,3,120th,3,4,0,4,0
UF19-0843,3443,Male,Hispanic,22,0,125th,3,1,0,4,0
UF19-0844,3030,Male,Hispanic,26,4,118th,2,16,0,4,0
UF19-0844,2107,Male,Asian/Pacific Islander,53,19,98th,2,4,0,2,0
UF19-0846,3122,Male,Hispanic,30,2,121st,4,6,.5,4,0
UF19-0846,3124,Male,Hispanic,26,2,121st,4,13,.5,4,0
UF19-0846,3232,Male,Hispanic,36,1,122nd,4,11,.5,4,0
UF19-0846,3263,Female,Hispanic,22,1,123rd,4,3,.5,4,1
UF19-0849,3119,Male,White,25,2,120th,2,7,0,5,0
UF19-0849,3156,Male,Hispanic,24,2,121st,2,8,0,4,0
UF19-0850,2508,Male,Hispanic,38,14,106th,5,3,.40000001,4,0
UF19-0850,2869,Male,White,32,7,114th,5,2,.40000001,5,0
UF19-0850,2975,Male,Hispanic,28,5,117th,5,3,.40000001,4,0
UF19-0850,2989,Male,White,30,5,117th,5,2,.40000001,5,0
UF19-0850,3097,Male,White,30,2,120th,5,8,.40000001,5,0
UF19-0851,2346,Male,Hispanic,39,17,102nd,4,2,.5,4,0
UF19-0851,3002,Male,Black,30,4,118th,4,5,.5,3,0
UF19-0851,3217,Male,Hispanic,38,1,122nd,4,5,.5,4,0
UF19-0851,3204,Male,Hispanic,42,1,122nd,4,3,.5,4,0
UF19-0852,2963,Female,Hispanic,46,6,116th,4,2,.5,4,1
UF19-0852,3060,Male,Alaskan Native/Native American,25,3,119th,4,11,.5,1,0
UF19-0852,3168,Male,Hispanic,31,1,122nd,4,13,.5,4,0
UF19-0852,3179,Male,White,27,1,122nd,4,4,.5,5,0
UF19-0853,3205,Male,Hispanic,32,1,122nd,2,20,1,4,0
UF19-0853,3223,Male,Hispanic,37,1,122nd,2,14,1,4,0
UF19-0854,2252,Male,Hispanic,52,18,101st,2,2,0,4,0
UF19-0854,3121,Male,Hispanic,30,2,121st,2,8,0,4,0
UF19-0856,2287,Male,Hispanic,43,17,102nd,4,1,.75,4,0
UF19-0856,3166,Male,Hispanic,27,2,121st,4,5,.75,4,0
UF19-0856,3149,Male,Hispanic,33,2,121st,4,4,.75,4,0
UF19-0856,3163,Male,Hispanic,32,2,121st,4,8,.75,4,0
UF19-0858,3063,Male,Hispanic,32,3,119th,3,12,0,4,0
UF19-0858,2014,Male,Hispanic,44,20,97th,3,1,0,4,0
UF19-0858,2071,Male,Hispanic,46,19,98th,3,2,0,4,0
UF19-0863,2969,Male,Hispanic,30,5,117th,2,5,0,4,0
UF19-0863,3147,Female,Hispanic,41,2,121st,2,3,0,4,1
UF19-0864,2774,Male,Hispanic,40,11,111th,2,4,0,4,0
UF19-0864,3129,Female,White,25,2,121st,2,14,0,5,1
UF19-0869,2928,Male,White,28,6,116th,4,15,0,5,0
UF19-0869,2978,Male,Hispanic,29,5,117th,4,16,0,4,0
UF19-0869,3042,Male,Hispanic,36,3,119th,4,13,0,4,0
UF19-0869,3232,Male,Hispanic,36,1,122nd,4,11,0,4,0
UF19-0870,3070,Male,Hispanic,29,3,119th,4,9,.5,4,0
UF19-0870,3048,Female,Hispanic,34,3,119th,4,12,.5,4,1
UF19-0870,3133,Male,Hispanic,40,2,121st,4,5,.5,4,0
UF19-0870,3275,Female,White,25,1,123rd,4,4,.5,5,1
UF19-0871,2239,Male,Hispanic,56,18,101st,2,9,0,4,0
UF19-0871,2910,Male,White,31,7,115th,2,9,0,5,0
UF19-0873,3068,Male,Hispanic,40,3,119th,4,9,.5,4,0
UF19-0873,3099,Male,Hispanic,32,3,120th,4,6,.5,4,0
UF19-0873,3219,Male,White,39,1,122nd,4,8,.5,5,0
UF19-0873,3174,Male,Hispanic,26,1,122nd,4,4,.5,4,0
UF19-0875,2551,Male,Hispanic,38,13,108th,2,4,0,4,0
UF19-0875,2855,Male,Hispanic,34,8,16th-Lateral,2,5,0,4,0
UF19-0876,2569,Male,Hispanic,42,13,108th,9,9,0,4,0
UF19-0876,2779,Male,White,41,11,111th,9,4,0,5,0
UF19-0876,2870,Male,Hispanic,29,7,114th,9,4,0,4,0
UF19-0876,2910,Male,White,32,7,115th,9,9,0,5,0
UF19-0876,3013,Female,Hispanic,28,4,118th,9,2,0,4,1
UF19-0876,3070,Male,Hispanic,29,3,119th,9,9,0,4,0
UF19-0876,3275,Female,White,25,1,123rd,9,4,0,5,1
UF19-0876,1965,Male,Hispanic,48,21,96th,9,2,0,4,0
UF19-0876,2039,Male,Hispanic,45,20,97th,9,3,0,4,0
UF19-0877,2420,Male,White,40,15,104th,5,1,0,5,0
UF19-0877,2731,Male,Hispanic,35,11,111th,5,1,0,4,0
UF19-0877,3230,Male,Hispanic,24,1,122nd,5,12,0,4,0
UF19-0877,2784,Male,Hispanic,45,11,13th Lateral,5,2,0,4,0
UF19-0877,2156,Male,Hispanic,48,19,99th,5,2,0,4,0
UF19-0881,2522,Male,Hispanic,36,13,107th,2,4,0,4,0
UF19-0881,2779,Male,White,41,11,111th,2,4,0,5,0
UF19-0883,3204,Male,Hispanic,42,1,122nd,2,3,1,4,0
UF19-0883,3238,Male,Hispanic,23,1,122nd,2,8,1,4,0
UF19-0884,2809,Male,White,37,11,112th,5,4,0,5,0
UF19-0884,2980,Female,Hispanic,39,5,117th,5,6,0,4,1
UF19-0884,3060,Male,Alaskan Native/Native American,26,3,119th,5,11,0,1,0
UF19-0884,3149,Male,Hispanic,33,2,121st,5,4,0,4,0
UF19-0884,3286,Female,White,37,1,123rd,5,6,0,5,1
UF19-0885,2926,Male,Hispanic,39,7,115th,3,1,.66666669,4,0
UF19-0885,3059,Male,Hispanic,41,3,119th,3,3,.66666669,4,0
UF19-0885,3078,Male,Hispanic,26,3,119th,3,3,.66666669,4,0
UF19-0886,2962,Male,White,36,6,116th,2,8,0,5,0
UF19-0886,3118,Male,White,37,3,120th,2,7,0,5,0
UF19-0888,3286,Female,White,37,1,123rd,2,6,1,5,1
UF19-0888,3245,Female,Hispanic,31,1,123rd,2,1,1,4,1
UF19-0889,3093,Male,Hispanic,27,2,120th,3,5,0,4,0
UF19-0889,3155,Male,White,26,2,121st,3,6,0,5,0
UF19-0889,3200,Male,White,27,1,122nd,3,11,0,5,0
UF19-0890,3118,Male,White,37,3,120th,2,7,1,5,0
UF19-0890,3114,Male,Hispanic,27,3,120th,2,6,1,4,0
UF19-0892,2220,Male,White,41,18,100th,2,3,0,5,0
UF19-0892,2285,Male,Hispanic,46,17,102nd,2,11,0,4,0
UF19-0894,3133,Male,Hispanic,40,2,121st,2,5,0,4,0
UF19-0894,3347,Male,Hispanic,30,0,124th,2,2,0,4,0
UF19-0896,2272,Male,Hispanic,44,18,101st,2,3,0,4,0
UF19-0896,1698,Male,Hispanic,54,25,89th,2,1,0,4,0
UF19-0897,3048,Female,Hispanic,34,3,119th,2,12,1,4,1
UF19-0897,3070,Male,Hispanic,29,3,119th,2,9,1,4,0
UF19-0898,2969,Male,Hispanic,30,5,117th,2,5,0,4,0
UF19-0898,1600,Male,Hispanic,51,25,87th,2,11,0,4,0
UF19-0899,2799,Male,Hispanic,46,10,112th,4,2,0,4,0
UF19-0899,2882,Male,Hispanic,35,7,114th,4,6,0,4,0
UF19-0899,2938,Male,Hispanic,48,6,116th,4,6,0,4,0
UF19-0899,3173,Male,Hispanic,30,1,122nd,4,7,0,4,0
UF19-0900,3208,Male,White,32,1,122nd,3,4,.66666669,5,0
UF19-0900,3237,Male,Hispanic,28,1,122nd,3,6,.66666669,4,0
UF19-0900,3286,Female,White,37,1,123rd,3,6,.66666669,5,1
UF19-0901,3022,Male,Hispanic,42,4,118th,3,3,0,4,0
UF19-0901,3141,Female,Asian/Pacific Islander,29,2,121st,3,2,0,2,1
UF19-0901,3239,Male,Hispanic,31,1,122nd,3,4,0,4,0
UF19-0902,2522,Male,Hispanic,36,13,107th,2,4,0,4,0
UF19-0902,2602,Male,Hispanic,49,13,109th,2,2,0,4,0
UF19-0903,2767,Male,Hispanic,53,11,111th,4,3,.5,4,0
UF19-0903,3262,Male,Hispanic,24,1,123rd,4,7,.5,4,0
UF19-0903,3266,Female,Hispanic,25,1,123rd,4,2,.5,4,1
UF19-0903,2015,Male,Hispanic,45,20,97th,4,2,.5,4,0
UF19-0906,2417,Male,Hispanic,44,15,104th,4,1,0,4,0
UF19-0906,2735,Male,Hispanic,34,11,111th,4,2,0,4,0
UF19-0906,3230,Male,Hispanic,24,1,122nd,4,12,0,4,0
UF19-0906,1892,Male,Hispanic,48,22,94th,4,2,0,4,0
UF19-0908,3221,Male,Hispanic,26,1,122nd,2,6,1,4,0
UF19-0908,3188,Male,Hispanic,29,1,122nd,2,6,1,4,0
UF19-0909,2730,Male,Hispanic,35,11,111th,5,3,0,4,0
UF19-0909,2882,Male,Hispanic,35,7,114th,5,6,0,4,0
UF19-0909,2980,Female,Hispanic,39,5,117th,5,6,0,4,1
UF19-0909,3144,Male,Hispanic,26,2,121st,5,7,0,4,0
UF19-0909,3243,Male,White,48,1,123rd,5,3,0,5,0
UF19-0910,3216,Male,Hispanic,33,1,122nd,2,5,1,4,0
UF19-0910,3217,Male,Hispanic,38,1,122nd,2,5,1,4,0
UF19-0911,2962,Male,White,36,6,116th,4,8,.5,5,0
UF19-0911,3106,Male,Hispanic,28,3,120th,4,10,.5,4,0
UF19-0911,3187,Male,Hispanic,27,1,122nd,4,6,.5,4,0
UF19-0911,3185,Male,Black,26,1,122nd,4,7,.5,3,0
UF19-0912,2765,Male,Hispanic,36,11,111th,3,4,0,4,0
UF19-0912,2938,Male,Hispanic,48,6,116th,3,6,0,4,0
UF19-0912,3215,Male,Hispanic,28,1,122nd,3,10,0,4,0
UF19-0913,2525,Male,Hispanic,44,13,107th,3,1,0,4,0
UF19-0913,2691,Male,White,37,12,110th,3,6,0,5,0
UF19-0913,2954,Male,Hispanic,34,6,116th,3,3,0,4,0
UF19-0917,2935,Male,Hispanic,33,6,116th,4,3,0,4,0
UF19-0917,3073,Male,Hispanic,33,3,119th,4,4,0,4,0
UF19-0917,3145,Male,Hispanic,31,2,121st,4,10,0,4,0
UF19-0917,2167,Male,Hispanic,44,19,99th,4,2,0,4,0
UF19-0920,3014,Male,White,28,4,118th,3,6,.66666669,5,0
UF19-0920,3174,Male,Hispanic,26,1,122nd,3,4,.66666669,4,0
UF19-0920,3188,Male,Hispanic,29,1,122nd,3,6,.66666669,4,0
UF19-0923,3151,Male,Hispanic,31,2,121st,2,9,1,4,0
UF19-0923,3123,Male,Hispanic,25,2,121st,2,9,1,4,0
UF19-0928,2369,Male,Black,42,16,103rd,4,1,0,3,0
UF19-0928,2586,Male,Hispanic,37,13,108th,4,1,0,4,0
UF19-0928,2954,Male,Hispanic,34,6,116th,4,3,0,4,0
UF19-0928,2969,Male,Hispanic,30,5,117th,4,5,0,4,0
UF19-0930,3041,Male,Hispanic,25,3,119th,2,9,0,4,0
UF19-0930,1840,Male,White,47,22,93rd,2,5,0,5,0
UF19-0932,3016,Male,Hispanic,29,4,118th,2,5,0,4,0
UF19-0932,1840,Male,White,48,22,93rd,2,5,0,5,0
UF19-0935,3030,Male,Hispanic,26,4,118th,2,16,0,4,0
UF19-0935,2072,Female,Hispanic,44,19,98th,2,4,0,4,1
UF19-0936,2300,Male,Hispanic,46,17,102nd,4,3,.5,4,0
UF19-0936,2975,Male,Hispanic,28,5,117th,4,3,.5,4,0
UF19-0936,2989,Male,White,30,5,117th,4,2,.5,5,0
UF19-0936,3097,Male,White,30,2,120th,4,8,.5,5,0
UF19-0937,3119,Male,White,25,3,120th,2,7,0,5,0
UF19-0937,3156,Male,Hispanic,24,2,121st,2,8,0,4,0
UF19-0942,3160,Female,Hispanic,25,2,100th,6,8,.33333334,4,1
UF19-0942,2303,Male,White,57,17,102nd,6,1,.33333334,5,0
UF19-0942,2671,Male,Hispanic,42,12,109th,6,11,.33333334,4,0
UF19-0942,2644,Male,Hispanic,43,12,109th,6,9,.33333334,4,0
UF19-0942,3282,Male,Hispanic,24,1,123rd,6,1,.33333334,4,0
UF19-0942,2093,Male,White,45,19,97th,6,6,.33333334,5,0
UF19-0943,2765,Male,Hispanic,36,11,111th,3,4,.66666669,4,0
UF19-0943,3122,Male,Hispanic,31,2,121st,3,6,.66666669,4,0
UF19-0943,3124,Male,Hispanic,27,2,121st,3,13,.66666669,4,0
UF19-0948,3288,Male,Hispanic,26,1,123rd,2,3,1,4,0
UF19-0948,3263,Female,Hispanic,22,1,123rd,2,3,1,4,1
UF19-0950,3246,Male,Hispanic,23,1,123rd,2,6,0,4,0
UF19-0950,3347,Male,Hispanic,30,0,124th,2,2,0,4,0
UF19-0953,3152,Male,Hispanic,28,2,121st,3,15,0,4,0
UF19-0953,3196,Male,Hispanic,32,1,122nd,3,11,0,4,0
UF19-0953,3249,Male,Hispanic,25,1,123rd,3,4,0,4,0
UF19-0954,2296,Male,Hispanic,62,17,102nd,2,3,0,4,0
UF19-0954,2395,Male,Hispanic,41,16,103rd,2,2,0,4,0
UF19-0956,2617,Male,Hispanic,38,12,109th,2,5,0,4,0
UF19-0956,3053,Male,Hispanic,34,3,119th,2,8,0,4,0
UF19-0957,3094,Male,Hispanic,25,3,120th,2,16,1,4,0
UF19-0957,3106,Male,Hispanic,28,3,120th,2,10,1,4,0
UF19-0961,2285,Male,Hispanic,46,17,102nd,6,11,0,4,0
UF19-0961,2505,Male,Hispanic,43,14,106th,6,12,0,4,0
UF19-0961,2941,Male,White,36,6,116th,6,5,0,5,0
UF19-0961,3008,Male,Hispanic,32,1,118th,6,2,0,4,0
UF19-0961,3048,Female,Hispanic,34,3,119th,6,12,0,4,1
UF19-0961,3091,Female,White,30,3,120th,6,4,0,5,1
UF19-0962,3129,Female,White,25,2,121st,2,14,1,5,1
UF19-0962,3152,Male,Hispanic,28,2,121st,2,15,1,4,0
UF19-0963,3093,Male,Hispanic,27,3,120th,4,5,.5,4,0
UF19-0963,3200,Male,White,27,1,122nd,4,11,.5,5,0
UF19-0963,3169,Male,Hispanic,27,1,122nd,4,4,.5,4,0
UF19-0963,3249,Male,Hispanic,25,1,123rd,4,4,.5,4,0
UF19-0965,3129,Female,White,25,2,121st,2,14,0,5,1
UF19-0965,3196,Male,Hispanic,32,1,122nd,2,11,0,4,0
UF19-0966,3247,Male,White,27,1,123rd,2,1,1,5,0
UF19-0966,3277,Female,Hispanic,26,1,123rd,2,1,1,4,1
UF19-0968,2928,Male,White,28,6,116th,2,15,0,5,0
UF19-0968,2978,Male,Hispanic,29,5,117th,2,16,0,4,0
UF19-0970,3129,Female,White,25,2,121st,4,14,1,5,1
UF19-0970,3121,Male,Hispanic,30,2,121st,4,8,1,4,0
UF19-0970,3181,Male,Hispanic,25,1,122nd,4,7,1,4,0
UF19-0970,3196,Male,Hispanic,32,1,122nd,4,11,1,4,0
UF19-0971,2505,Male,Hispanic,43,14,106th,6,12,.33333334,4,0
UF19-0971,3018,Male,Hispanic,35,4,118th,6,6,.33333334,4,0
UF19-0971,3135,Female,White,26,2,121st,6,7,.33333334,5,1
UF19-0971,3234,Male,Hispanic,25,1,122nd,6,5,.33333334,4,0
UF19-0971,3205,Male,Hispanic,32,1,122nd,6,20,.33333334,4,0
UF19-0971,3246,Male,Hispanic,23,1,123rd,6,6,.33333334,4,0
UF19-0973,2718,Male,Hispanic,34,11,111th,3,2,0,4,0
UF19-0973,3150,Male,Hispanic,28,2,121st,3,11,0,4,0
UF19-0973,3200,Male,White,27,1,122nd,3,11,0,5,0
UF19-0975,2953,Male,Hispanic,30,6,116th,2,7,0,4,0
UF19-0975,3115,Male,Black,39,3,120th,2,1,0,3,0
UF19-0977,2212,Male,Hispanic,51,18,100th,3,4,0,4,0
UF19-0977,2461,Male,White,41,14,105th,3,5,0,5,0
UF19-0977,3164,Male,Hispanic,29,2,121st,3,13,0,4,0
UF19-0978,2618,Male,Hispanic,55,12,109th,5,1,.60000002,4,0
UF19-0978,3163,Male,Hispanic,32,2,121st,5,8,.60000002,4,0
UF19-0978,3131,Female,Hispanic,32,3,121st,5,5,.60000002,4,1
UF19-0978,3166,Male,Hispanic,27,3,121st,5,5,.60000002,4,0
UF19-0978,3204,Male,Hispanic,43,1,122nd,5,3,.60000002,4,0
UF19-0983,2569,Male,Hispanic,42,13,108th,2,9,0,4,0
UF19-0983,1421,Male,Hispanic,53,29,81st,2,3,0,4,0
UF19-0985,2551,Male,Hispanic,38,13,108th,2,4,0,4,0
UF19-0985,3003,Male,Hispanic,30,4,118th,2,3,0,4,0
UF19-0987,2714,Male,White,42,12,10-Lateral,5,3,.40000001,5,0
UF19-0987,2360,Male,White,39,17,102nd,5,2,.40000001,5,0
UF19-0987,3099,Male,Hispanic,32,3,120th,5,6,.40000001,4,0
UF19-0987,3219,Male,White,38,1,122nd,5,8,.40000001,5,0
UF19-0987,3174,Male,Hispanic,26,1,122nd,5,4,.40000001,4,0
UF19-0988,2457,Male,Hispanic,45,14,105th,6,2,.33333334,4,0
UF19-0988,3030,Male,Hispanic,26,4,118th,6,16,.33333334,4,0
UF19-0988,3058,Male,Black,30,3,119th,6,2,.33333334,3,0
UF19-0988,3122,Male,Hispanic,30,2,121st,6,6,.33333334,4,0
UF19-0988,3127,Female,Hispanic,35,2,121st,6,4,.33333334,4,1
UF19-0988,2147,Male,Hispanic,45,19,99th,6,6,.33333334,4,0
UF19-0989,3104,Male,White,25,2,120th,2,8,0,5,0
UF19-0989,3222,Female,Hispanic,26,1,122nd,2,3,0,4,1
UF19-0991,3298,Male,Hispanic,30,1,123rd,2,2,0,4,0
UF19-0991,2147,Male,Hispanic,45,19,99th,2,6,0,4,0
UF19-0992,3076,Male,Hispanic,31,3,119th,4,8,.5,4,0
UF19-0992,3189,Male,Hispanic,25,1,122nd,4,2,.5,4,0
UF19-0992,3200,Male,White,27,1,122nd,4,11,.5,5,0
UF19-0992,3246,Male,Hispanic,23,1,123rd,4,6,.5,4,0
UF20-0133,3041,Male,Hispanic,26,4,119th,2,9,0,4,0
UF20-0133,3263,Female,Hispanic,22,1,123rd,2,3,0,4,1
